id,heuristic,template,subtemplate_id,label,premise,hypothesis,high_quality,extreme_low_quality,var_list,example_premise,example_hypotheis,example_high_quality,example_extreme_low_quality
0,lexical_overlap,le_around_prepositional_phrase,0,entailment,the N1 P1 the N2 Vt1 the N3.,the N1 Vt1 the N3.,the N1 P1 the N2 N1_Be1 still the N1.,N1 N2 N1,"['N1', 'N2', 'N3', 'Vt1', 'P1', 'N1_Be1']",the technician by the engineers disturbed the curator .,the technician disturbed the curator .,the technician by the engineers is still the technician .,technician engineers technician
1,lexical_overlap,le_around_relative_clause,0,entailment,the N1 Rels1 Vi1 Vt2 the N2.,the N1 Vt2 the N2.,the N1 Rels1 Vi1 N1_Be1 still the N1.,N1 Vi1 N1,"['N1', 'Rels1', 'Vi1', 'Vt2', 'N2', 'N1_Be1']",the planners that cried needed the administrator .,the planners needed the administrator .,the planners that cried are still the planners .,planners cried planners
2,lexical_overlap,le_around_relative_clause,1,entailment,the N1 Rels1 the N2 Vt1 Vt2 the N3.,the N1 Vt2 the N3.,the N1 Rels1 the N2 Vt1 N1_Be1 still the N1.,N1 N2 Vt1 N1,"['N1', 'Rels1', 'Vt1', 'Vt2', 'N2', 'N3', 'N1_Be1']",the scientists who the doctor introduced mentioned the bankers .,the scientists mentioned the bankers .,the scientists who the doctor introduced are still the scientists .,scientists doctor introduced scientists
3,lexical_overlap,le_around_relative_clause,2,entailment,the N1 Rels1 Vt1 the N2 Vt2 the N3.,the N1 Vt2 the N3.,the N1 Rels1 Vt1 the N2 N1_Be1 still the N1.,N1 Vt1 N2 N1,"['N1', 'Rels1', 'Vt1', 'Vt2', 'N2', 'N3', 'N1_Be1']",the artisans that called the stylist supported the photographer .,the artisans supported the photographer .,the artisans that called the stylist are still the artisans .,artisans called stylist artisans
4,lexical_overlap,le_conjunction,0,entailment,the N1 and the N2 Vt1 the N3.,the N1 Vt1 the N3.,the N1 N1_Be1 part of the N1 and the N2.,N1 N1 N2,"['N1', 'Vt1', 'N2', 'N3', 'N1_Be1']",the designer and the doctors mentioned the actor .,the designer mentioned the actor .,the designer is part of the designer and the doctors .,designer designer doctors
5,lexical_overlap,le_conjunction,1,entailment,the N1 Vt1 the N2 and the N3.,the N1 Vt1 the N3.,the N3 N3_Be1 part of the N2 and the N3.,N3 N2 N3,"['N1', 'Vt1', 'N2', 'N3', 'N3_Be1']",the engineer found the programmer and the actors .,the engineer found the actors .,the actors are part of the programmer and the actors .,actors programmer actors
6,lexical_overlap,le_passive,0,entailment,the Ns1 was Vt1 by the N2.,the N2 Vt1 the Ns1.,"Vt1 is the active form of was Vt1 by , so we swap the Ns1 and the N2 .",Vt1 Vt1 Ns1 N2,"['Ns1', 'Vt1', 'N2']",the artist was offended by the dancer .,the dancer offended the artist .,"offended is the active form of was offended by, so we swap the order of dancer and artist .",offended offended dancer artist
7,lexical_overlap,le_passive,1,entailment,the Np1 were Vt1 by the N2.,the N2 Vt1 the Np1.,"Vt1 is the active form of was Vt1 by , so we swap the Np1 and the N2.",Vt1 Vt1 Np1 N2,"['Np1', 'Vt1', 'N2']",the directors were affected by the technologist .,the technologist affected the directors .,the directors were affected by the technologist is the same as the technologist affected the directors .,directors were affected technologist technologist affected directors
8,lexical_overlap,le_relative_clause,0,entailment,the N1 Rels1 the N2 Vt1 Vt2 the N3.,the N2 Vt1 the N1.,Rels1 in Rels1 the N2 Vt1 refers to the N1.,N2 Vt1 N1,"['N1', 'Vt1', 'N2', 'Vt2', 'N3', 'Rels1']",the musicians who the chaplains brought found the psychiatrists .,the chaplains brought the musicians .,who in who the chaplains brought refers to the musicians .,chaplains brought musicians
9,lexical_overlap,le_relative_clause,1,entailment,the N1 Rels1 Vt1 the N2 Vt2 the N3.,the N1 Vt1 the N2.,Rels1 in Rels1 Vt1 the N2 refers to the N1.,Vt1 N2 N1,"['N1', 'Vt1', 'Vt2', 'N2', 'Rels1', 'N3']",the lyricist who supported the planners saw the president .,the lyricist supported the planners .,who in who supported the planners refers to the lyricist .,supported planners lyricist
10,lexical_overlap,le_relative_clause,2,entailment,the N1 Vt1 the N2 Rels1 Vt2 the N3.,the N2 Vt2 the N3.,the N2 is the subject of the relative clause Rels1 Vt2 the N3.,N2 Vt2 N3,"['N1', 'Vt1', 'Vt2', 'N2', 'Rels1', 'N3']",the doctor supported the athlete that affected the programmer .,the athlete affected the programmer .,the athlete is the subject of the relative clause that affected the programmer .,athlete affected programmer
11,lexical_overlap,le_relative_clause,3,entailment,the N1 Vt1 the N2 Rels1 the N3 Vt2.,the N3 Vt2 the N2.,the N2 N2_Be1 the object of the relative clause Rels1 the N3 Vt2.,N2 N3 Vt2,"['N1', 'Vt1', 'Vt2', 'N2', 'Rels1', 'N3', 'N2_Be1']",the doctor mentioned the musicians that the presidents contacted .,the presidents contacted the musicians .,the musicians are the object of the relative clause that the presidents contacted .,musicians presidents contacted
12,lexical_overlap,ln_preposition,0,neutral,the N1 P1 the N2 Vt1 the N3.,the N2 Vt1 the N1.,"the N1 Vt1 the N3 and the N1 N1_Be1 P1 the N2 , we do not know whether the N2 Vt1 the N1.",N1 Vt1 N3 N1 N2 not know N2 Vt1 N1,"['N1', 'N2', 'N3', 'Vt1', 'P1', 'N1_Be1']",the actor behind the writer advised the strategists .,the writer advised the actor .,"the actor advised the strategists, we do not know whether the writer advised the actor .",actor advised strategists
13,lexical_overlap,ln_preposition,1,neutral,the N1 P1 the N2 Vt1 the N3.,the N3 Vt1 the N1.,"the N1 Vt1 the N3 , we do not know whether the N3 Vt1 the N1.",N1 Vt1 N3 not know N3 Vt1 N1,"['N1', 'N2', 'N3', 'Vt1', 'P1']",the technologist in front of the psychotherapist recognized the planners .,the planners recognized the technologist .,"the technologist recognized the planners, we do not know whether the planners recognized the technologist .",technologist recognized planners not know planners recognized technologist
14,lexical_overlap,ln_preposition,2,neutral,the N1 P1 the N2 Vt1 the N3.,the N3 Vt1 the N2.,"the N1 Vt1 the N3 and the N2 N2_Be1 P1 the N1 , we do not know whether the N3 Vt1 the N2.",N1 Vt1 N3 N2 N1 not know N3 Vt1 N2,"['N1', 'N2', 'N3', 'Vt1', 'P1', 'N2_Be1']",the artisan by the strategist expected the psychiatrists .,the psychiatrists expected the strategist .,"the artisan expected the psychiatrists, we do not know whether the psychiatrists expected the strategist .",artisan expected psychiatrists
15,lexical_overlap,ln_preposition,3,neutral,the N1 Vt1 the N2 P1 the N3.,the N2 Vt1 the N1.,"the N1 Vt1 the N2 , we do not know whether the N2 Vt1 the N1.",N1 Vt1 N2 not know N2 Vt1 N1,"['N1', 'N2', 'N3', 'Vt1', 'P1']",the doctors helped the musicians behind the bankers .,the musicians helped the doctors .,"the doctors helped the musicians, we do not know whether the musicians helped the doctors .",doctors helped musicians not know musicians helped doctors
16,lexical_overlap,ln_preposition,4,neutral,the N1 Vt1 the N2 P1 the N3.,the N2 Vt1 the N3.,"the N1 Vt1 the N2 and the N2 N2_Be2 P1 the N3 , we do not know whether the N2 Vt1 the N3.",N1 Vt1 N2 N2 N3 not know N2 Vt1 N3,"['N1', 'N2', 'N3', 'Vt1', 'P1', 'N1_Be1', 'N2_Be2']",the artisan saw the judge next to the musician .,the judge saw the musician .,the judge next to the musician does not imply the judge saw the musician .,artisan not judge
17,lexical_overlap,ln_preposition,5,neutral,the N1 Vt1 the N2 P1 the N3.,the N3 Vt1 the N1.,"the N1 Vt1 the N2 and the N2 N2_Be2 P1 the N3 , we do not know whether the N3 Vt1 the N1.",N1 Vt1 N2 N2 N3 not know N3 Vt1 N1,"['N1', 'N2', 'N3', 'Vt1', 'P1', 'N1_Be1', 'N2_Be2']",the animators recognized the curator by the professor .,the professor recognized the animators .,the animators recognized the curator by the professor does not imply the professor recognized the animators .,animators not professor
18,lexical_overlap,ln_relative_clause,0,neutral,the N1 Rels1 the N2 Vt1 Vt2 the N3.,the N2 Vt2 the N1.,"Rels1 in Rels1 the N2 Vt1 refers to the N1 and the N1 Vt2 the N3 , we do not know whether the N2 Vt2 the N1.",N2 Vt1 N1 N1 Vt2 N3 not know N2 Vt2 N1,"['N1', 'N2', 'N3', 'Vt1', 'Vt2', 'Rels1']",the student who the bakers admired contacted the curator .,the bakers contacted the student .,the bakers admired the student and the student contacted the curator .,student contacted curator
19,lexical_overlap,ln_relative_clause,1,neutral,the N1 Rels1 the N2 Vt1 Vt2 the N3.,the N3 Vt2 the N1.,"the N1 Vt2 the N3 , we do not know whether the N3 Vt2 the N1.",N1 Vt2 N3 not know N3 Vt2 N1,"['N1', 'N2', 'N3', 'Vt1', 'Vt2', 'Rels1']",the pencillers who the authors recommended addressed the analysts .,the analysts addressed the pencillers .,the pencillers addressed the analysts does not imply the analysts addressed the pencillers .,pencillers addressed analysts
20,lexical_overlap,ln_relative_clause,2,neutral,the N1 Rels1 the N2 Vt1 Vt2 the N3.,the N3 Vt1 the N2.,"the N1 N1_Be1 the object of the relative clause Rels1 the N2 Vt1 and the N1 Vt2 the N3 , we do not know whether the N3 Vt1 the N2.",N1 N2 Vt1 N1 Vt2 N3 not know N3 Vt1 N2,"['N1', 'N2', 'N3', 'Vt1', 'Vt2', 'Rels1', 'N1_Be1']",the counselors that the curator helped brought the actors .,the actors helped the curator .,the curator helped the counselors and the counselors brought the actors does not imply the actors helped the curator .,curator helped counselors
21,lexical_overlap,ln_relative_clause,3,neutral,the N1 Rels1 Vt1 the N2 Vt2 the N3.,the N2 Vt2 the N1.,"the N1 N1_Be1 the subject of the relative clause Rels1 Vt1 the N2 and the N1 Vt2 the N3 , we do not know whether the N2 Vt2 the N1.",N1 Vt1 N2 N1 Vt2 N3 not know N2 Vt2 N1,"['N1', 'N2', 'N3', 'Vt1', 'Vt2', 'Rels1', 'N1_Be1']",the student that supported the singers supported the artisan .,the singers supported the student .,the student supported the singers does not imply the singers supported the student .,student supported singers
22,lexical_overlap,ln_relative_clause,4,neutral,the N1 Rels1 Vt1 the N2 Vt2 the N3.,the N3 Vt2 the N1.,"the N1 Vt2 the N3 , we do not know whether the N3 Vt2 the N1.",N1 Vt2 N3 not know N3 Vt2 N1,"['N1', 'N2', 'N3', 'Vt1', 'Vt2', 'Rels1']",the workers that thanked the artisans advised the psychiatrist .,the psychiatrist advised the workers .,the workers advised the psychiatrist does not imply the psychiatrist advised the workers .,workers advised psychiatrist
23,lexical_overlap,ln_relative_clause,5,neutral,the N1 Rels1 Vt1 the N2 Vt2 the N3.,the N3 Vt2 the N2.,"the N1 N1_Be1 the subject of the relative clause Rels1 Vt1 the N2 and the N1 Vt2 the N3 , we do not know whether the N3 Vt2 the N2.",N1 Vt1 N2 N1 Vt2 N3 not know N3 Vt2 N2,"['N1', 'N2', 'N3', 'Vt1', 'Vt2', 'Rels1', 'N1_Be1']",the tourists that encouraged the actors encouraged the judges .,the judges encouraged the actors .,the tourists encouraged the judges and encouraged the actors does not imply the judges encouraged the actors .,tourists encouraged judges
24,lexical_overlap,ln_relative_clause,6,neutral,the N1 Vt1 the N2 Rels1 Vt2 the N3.,the N2 Vt1 the N1.,"the N1 Vt1 the N2 , we do not know whether the N2 Vt1 the N1.",N1 Vt1 N2 not know N2 Vt1 N1,"['N1', 'N2', 'N3', 'Vt1', 'Vt2', 'Rels1']",the animator recommended the writer who disturbed the musicians .,the writer recommended the animator .,the animator recommended the writer does not imply the writer recommended the animator .,animator recommended writer
25,lexical_overlap,ln_relative_clause,7,neutral,the N1 Vt1 the N2 Rels1 Vt2 the N3.,the N2 Vt1 the N3.,"the N2 N2_Be1 the subject of the relative clause Rels1 Vt2 the N3 and the N1 Vt1 the N2 , we do not know whether the N2 Vt1 the N3.",N2 Vt2 N3 N1 Vt1 N2 not know N2 Vt1 N3,"['N1', 'N2', 'N3', 'Vt1', 'Vt2', 'Rels1', 'N2_Be1']",the bakers called the sculptor who recommended the actors .,the sculptor called the actors .,the bakers called the sculptor and the sculptor recommended the actors does not imply the sculptor called the actors .,bakers called sculptor
26,lexical_overlap,ln_relative_clause,8,neutral,the N1 Vt1 the N2 Rels1 Vt2 the N3.,the N3 Vt1 the N1.,"the N2 N2_Be1 the subject of the relative clause Rels1 Vt2 the N3 and the N1 Vt1 the N2 , we do not know whether the N3 Vt1 the N1.",N2 Vt2 N3 N1 Vt1 N2 not know N3 Vt1 N1,"['N1', 'N2', 'N3', 'Vt1', 'Vt2', 'Rels1', 'N2_Be1']",the chaplains recognized the senators who brought the baker .,the baker recognized the chaplains .,the chaplains recognized the senators and the senators brought the baker does not imply the baker recognized the chaplains .,chaplains recognized senators
27,lexical_overlap,ln_relative_clause,9,neutral,the N1 Vt1 the N2 Rels1 the N3 Vt2.,the N2 Vt1 the N1.,"the N1 Vt1 the N2 , we do not know whether the N2 Vt1 the N1.",N1 Vt1 N2 not know N2 Vt1 N1,"['N1', 'N2', 'N3', 'Vt1', 'Vt2', 'Rels1']",the counselors introduced the athlete who the essayists offended .,the athlete introduced the counselors .,the counselors introduced the athlete does not imply the athlete introduced the counselors .,counselors introduced athlete
28,lexical_overlap,ln_relative_clause,10,neutral,the N1 Vt1 the N2 Rels1 the N3 Vt2.,the N2 Vt1 the N3.,"the N2 N2_Be1 the object of the relative clause Rels1 the N3 Vt2 and the N1 Vt1 the N2 , we do not know whether the N2 Vt1 the N3.",N2 N3 Vt2 N1 Vt1 N2 not know N2 Vt1 N3,"['N1', 'N2', 'N3', 'Vt1', 'Vt2', 'Rels1', 'N2_Be1']",the writers admired the artists who the nurse deceived .,the artists admired the nurse .,the writers admired the artists and the nurse deceived the artists does not imply the artists admired the nurse .,writers admired artists
29,lexical_overlap,ln_relative_clause,11,neutral,the N1 Vt1 the N2 Rels1 the N3 Vt2.,the N3 Vt1 the N1.,"the N2 N2_Be1 the object of the relative clause Rels1 the N3 Vt2 and the N1 Vt1 the N2 , we do not know whether the N3 Vt1 the N1.",N2 N3 Vt2 N1 Vt1 N2 not know N3 Vt1 N1,"['N1', 'N2', 'N3', 'Vt1', 'Vt2', 'Rels1', 'N2_Be1']",the author disturbed the psychologists that the therapists encouraged .,the therapists disturbed the author .,the author disturbed the psychologists and the therapists encouraged the psychologists does not imply the therapists disturbed the author .,therapists encouraged psychologists
30,lexical_overlap,ln_passive,0,neutral,the Ns1 was Vt1 by the N2.,the Ns1 Vt1 the N2.,"Vt1 is the active form of was Vt1 by , so the N2 Vt1 the Ns1 , we do not know whether the Ns1 Vt1 the N2.",Vt1 Vt1 N2 Vt1 Ns1 not know Ns1 Vt1 N2,"['Ns1', 'N2', 'Vt1']",the tourist was recommended by the strategists .,the tourist recommended the strategists .,the tourist was recommended by the strategists means the strategists recommended the tourist .,strategists recommended tourist
31,lexical_overlap,ln_passive,1,neutral,the Np1 were Vt1 by the N2.,the Np1 Vt1 the N2.,"Vt1 is the active form of were Vt1 by , so the N2 Vt1 the Np1 , we do not know whether the Np1 Vt1 the N2.",Vt1 Vt1 N2 Vt1 Np1 not know Np1 Vt1 N2,"['Np1', 'N2', 'Vt1']",the photojournalists were brought by the scientist .,the photojournalists brought the scientist .,the photojournalists were brought by the scientist means the scientist brought the photojournalists .,scientist brought photojournalists
32,lexical_overlap,ln_conjunction,0,neutral,the N1 and the N2 Vt1 the N3.,the N1 Vt1 the N2.,"the N1 Vt1 the N3 and the N2 Vt1 the N3 , we do not know whether the N1 Vt1 the N2.",N1 Vt1 N3 N2 Vt1 N3 not know N1 Vt1 N2,"['N1', 'N2', 'N3', 'Vt1']",the administrators and the artisan found the senator .,the administrators found the artisan .,the administrators found the senator and the artisan found the senator does not imply the administrators found the artisan .,administrators found senator
33,lexical_overlap,ln_conjunction,1,neutral,the N1 and the N2 Vt1 the N3.,the N2 Vt1 the N1.,"the N1 Vt1 the N3 and the N2 Vt1 the N3 , we do not know whether the N2 Vt1 the N1.",N1 Vt1 N3 N2 Vt1 N3 not know N2 Vt1 N1,"['N1', 'N2', 'N3', 'Vt1']",the directors and the chaplains disturbed the director .,the chaplains disturbed the directors .,the directors disturbed the director and the chaplains disturbed the director does not imply the chaplains disturbed the directors .,chaplains disturbed director
34,lexical_overlap,ln_conjunction,2,neutral,the N1 Vt1 the N2 and the N3.,the N2 Vt1 the N3.,"the N1 Vt1 the N2 and the N1 Vt1 the N3 , we do not know whether the N2 Vt1 the N3.",N1 Vt1 N2 N1 Vt1 N3 not know N2 Vt1 N3,"['N1', 'N2', 'N3', 'Vt1']",the animator encouraged the artisans and the doctors .,the artisans encouraged the doctors .,the animator encouraged the artisans and the animator encouraged the doctors does not imply the artisans encouraged the doctors .,animator encouraged doctors
35,lexical_overlap,ln_conjunction,3,neutral,the N1 Vt1 the N2 and the N3.,the N3 Vt1 the N2.,"the N1 Vt1 the N2 and the N1 Vt1 the N3 , we do not know whether the N3 Vt1 the N2.",N1 Vt1 N2 N1 Vt1 N3 not know N3 Vt1 N2,"['N1', 'N2', 'N3', 'Vt1']",the manager avoided the artists and the pencillers .,the pencillers avoided the artists .,the manager avoided the artists and the manager avoided the pencillers does not imply the pencillers avoided the artists .,manager avoided artists
36,lexical_overlap,ln_subject/object_swap,0,neutral,the N1 Vt1 the N2.,the N2 Vt1 the N1.,"the N1 Vt1 the N2 , if the N1 and the N2 are swapped , then we do not know whether the N2 Vt1 the N1.",N1 Vt1 N2 N1 N2 not know N2 Vt1 N1,"['N1', 'N2', 'Vt1']",the penciller advised the counselors .,the counselors advised the penciller .,the penciller and the counselors are swapped and the penciller advised the counselors does not imply the counselors advised the penciller .,penciller advised counselors not counselors advised penciller
37,subsequence,se_adjective,0,entailment,Adj1 Np1 Vi1.,Np1 Vi1.,Adj1 Np1 are still Np1.,Adj1 Np1 Np1,"['Adj1', 'Np1', 'Vi1']",important artists voted .,artists voted .,important artists voted implies the artists voted .,important artists
38,subsequence,se_adjective,1,entailment,Adj1 Np1 Vt1 the N2.,Np1 Vt1 the N2.,Adj1 Np1 are still Np1.,Adj1 Np1 Np1,"['Adj1', 'Np1', 'Vt1', 'N2']",popular artists admired the administrator .,artists admired the administrator .,popular artists admired the administrator implies the artists admired the administrator .,popular artists
39,subsequence,se_understood_object,0,entailment,the N1 Vunderstand1 the Vunderstand1_O1.,the N1 Vunderstand1.,Vunderstand1 the Vunderstand1_O1 is still Vunderstand1.,Vunderstand1 Vunderstand1_O1 Vunderstand1,"['N1', 'Vunderstand1_O1', 'Vunderstand1']",the tourists won the war .,the tourists won .,the tourists won the war implies the tourists won .,won war won
40,subsequence,se_relative_clause_on_obj,0,entailment,the N1 Vt1 the N2 Rels1 Vi2.,the N1 Vt1 the N2.,the N2 Rels1 Vi2 N2_Be1 still the N2.,N2 Vi2 N2,"['N1', 'Vt1', 'N2', 'N2_Be1', 'Rels1', 'Vi2']",the technologists brought the lawyer that performed .,the technologists brought the lawyer .,the lawyer that performed is the lawyer .,lawyer that performed
41,subsequence,se_relative_clause_on_obj,1,entailment,the N1 Vt1 the N2 Rels1 the N3 Vt2.,the N1 Vt1 the N2.,the N2 Rels1 the N3 Vt2 N2_Be1 still the N2.,N2 N3 Vt2 N2,"['N1', 'Vt1', 'N2', 'N2_Be1', 'Rels1', 'Vt2', 'N3']",the counselor affected the psychiatrist who the senator supported .,the counselor affected the psychiatrist .,the psychiatrist who the senator supported is the psychiatrist .,psychiatrist who the senator supported
42,subsequence,se_relative_clause_on_obj,2,entailment,the N1 Vt1 the N2 Rels1 Vt2 the N3.,the N1 Vt1 the N2.,the N2 Rels1 Vt2 the N3 N2_Be1 still the N2.,N2 Vt2 N3 N2,"['N1', 'Vt1', 'N2', 'N2_Be1', 'Rels1', 'Vt2', 'N3']",the lyricist contacted the lyricists who supported the technologists .,the lyricist contacted the lyricists .,the lyricists who supported the technologists is the lyricists .,lyricists who supported the technologists .
43,subsequence,se_PP_on_obj,0,entailment,the N1 Vt1 the N2 P1 the N3.,the N1 Vt1 the N2.,the N2 P1 the N3 N2_Be1 still the N2.,N2 N3 N2,"['N1', 'Vt1', 'N2', 'N2_Be1', 'P1', 'N3']",the lyricists saw the stylist next to the photographer .,the lyricists saw the stylist .,the stylist next to the photographer is still the stylist .,stylist next to photographer
44,subsequence,se_conjunction,0,entailment,the N1 and the N2 Vi1.,the N2 Vi1.,the N2 N2_Be1 part of the N1 and the N2.,N2 N1 N2,"['N1', 'Vi1', 'N2', 'N2_Be1']",the director and the programmers existed .,the programmers existed .,the director and the programmers existed implies the programmers existed .,programmers director and programmers
45,subsequence,se_conjunction,1,entailment,the N1 and the N2 Vt1 the N3.,the N2 Vt1 the N3.,the N2 N2_Be1 part of the N1 and the N2.,N2 N1 N2,"['N1', 'Vt1', 'N2', 'N3', 'N2_Be1']",the planner and the programmer mentioned the counselor .,the programmer mentioned the counselor .,the planner and the programmer mentioned the counselor implies the programmer mentioned the counselor .,programmer planner and programmer
46,subsequence,se_conjunction,2,entailment,the N1 Vt1 the N2 and the N3.,the N1 Vt1 the N2.,the N2 N2_Be1 part of the N2 and the N3.,N2 N2 N3,"['N1', 'Vt1', 'N2', 'N3', 'N2_Be1']",the banker mentioned the judge and the engineers .,the banker mentioned the judge .,the banker mentioned the judge and the engineers implied the banker mentioned the judge .,judge judge and engineers
47,subsequence,sn_PP_on_subject,0,neutral,the N1 P1 the N2 Vi1.,the N2 Vi1.,"the N1 N1_Be1 P1 the N2 and the N1 Vi1 , we do not know whether the N2 Vi1.",N1 N2 N1 Vi1 not know N2 Vi1,"['N1', 'Vi1', 'N2', 'P1', 'N1_Be1']",the programmer next to the student sat .,the student sat .,the programmer next to the student is the programmer .,programmer sat
48,subsequence,sn_PP_on_subject,1,neutral,the N1 P1 the N2 Vt1 the N3.,the N2 Vt1 the N3.,"the N1 N1_Be1 P1 the N2 and the N1 Vt1 the N3 , we do not know whether the N2 Vt1 the N3.",N1 N2 N1 Vt1 N3 not know N2 Vt1 N3,"['N1', 'Vt1', 'N2', 'N3', 'P1', 'N1_Be1']",the psychotherapist next to the psychotherapists disturbed the students .,the psychotherapists disturbed the students .,the psychotherapist next to the psychotherapists is the psychotherapist .,psychotherapist disturbed students .
49,subsequence,sn_relative_clause_on_subject,0,neutral,the N1 Rels1 Vt1 the N2 Vi2.,the N2 Vi2.,"the N1 Rels1 Vt1 the N2 N1_Be1 still the N1 , so the N1 Vi2 and we do not know whether the N2 Vi2.",N1 Vt1 N2 N1 N1 Vi2 not know N2 Vi2,"['N1', 'Vt1', 'N2', 'Vi2', 'Rels1', 'N1_Be1']",the animators who recognized the actor talked .,the actor talked .,the animators who recognized the actor is the animators .,actor talked
50,subsequence,sn_relative_clause_on_subject,1,neutral,the N1 Rels1 Vt1 the N2 Vt2 the N3.,the N2 Vt2 the N3.,"the N1 Rels1 Vt1 the N2 N1_Be1 still the N1 , so the N1 Vt2 the N3 and we do not know whether the N2 Vt2 the N3.",N1 Vt1 N2 N1 N1 Vt2 N3 not know N2 Vt2 N3,"['N1', 'Vt1', 'N2', 'Vt2', 'Rels1', 'N3', 'N1_Be1']",the photojournalists that thanked the stylists introduced the lawyers .,the photojournalists introduced the lawyers .,the photojournalists that thanked the stylists is the photojournalists .,photojournalists introduced lawyers
51,subsequence,sn_past_participle,0,neutral,the N1 Vpp1 in the Nlocation2 Vi2.,the N1 Vpp1 in the Nlocation2.,the N1 N1_BePast1 Vpp1 in the Nlocation2 and we do not know whether the N1 Vpp1 in the Nlocation2.,N1 Vpp1 Nlocation2 not know N1 Vpp1 Nlocation2,"['N1', 'Nlocation2', 'Vpp1', 'Vi2', 'N1_BePast1']",the lyricists helped in the laboratory appeared .,the lyricists helped in the laboratory .,the lyricists either helped or someone helped the lyricists in the laboratory .,lyricists appeared
52,subsequence,sn_past_participle,1,neutral,the N1 Vpp1 in the Nlocation2 Vt2 the N3.,the N1 Vpp1 in the Nlocation2.,the N1 N1_BePast1 Vpp1 in the Nlocation2 and we do not know whether the N1 Vpp1 in the Nlocation2.,N1 Vpp1 Nlocation2 not know N1 Vpp1 Nlocation2,"['N1', 'Nlocation2', 'Vpp1', 'Vt2', 'N3', 'N1_BePast1']",the authors studied in the museum affected the essayists .,the authors studied in the museum .,the authors either studied or someone studied the authors in the museum .,authors affected essayists
53,subsequence,sn_past_participle,2,neutral,the N1 Vt1 the N2 Vpp2 in the Nlocation3.,the N2 Vpp2 in the Nlocation3.,the N2 N2_BePast1 Vpp2 in the Nlocation3 and we do not know whether the N2 Vpp2 in the Nlocation3.,N2 Vpp2 Nlocation3 not know N2 Vpp2 Nlocation3,"['N1', 'Nlocation3', 'Vt1', 'Vpp2', 'N2', 'N2_BePast1']",the engineers introduced the judge paid in the laboratory .,the judge paid in the laboratory .,the engineers introduced the judge paid in the laboratory does not imply the judge paid in the laboratory .,judge not laboratory
54,subsequence,sn_NP/Z,0,neutral,"Conj1 the N1 Vnpz1 , the N2 Vi2.",the N1 Vnpz1 the N2.,"the N2 Vi2 and the N1 Vnpz1 , we do not know whether the N1 Vnpz1 the N2.",N2 Vi2 N1 Vnpz1 not know N1 Vnpz1 N2,"['Conj1', 'N1', 'N2', 'Vnpz1', 'Vi2']",although the artisan fought the animator performed .,the artisan fought the animator .,the artisan fought the animator performed is different from the artisan fought the animator .,artisan fought animator performed
55,subsequence,sn_NP/Z,1,neutral,"Conj1 the N1 Vnpz1 , the N2 Vt2 the N3.",the N1 Vnpz1 the N2.,"the N2 Vt2 the N3 and the N1 Vnpz1 , we do not know whether the N1 Vnpz1 the N2.",N2 Vt2 N3 N1 Vnpz1 not know N1 Vnpz1 N2,"['Conj1', 'N1', 'N2', 'Vnpz1', 'Vt2', 'N3']",while the dancer presented the designers deceived the lyricists .,the dancer presented the designers .,the dancer presented the designers deceived the lyricists is different from the dancer presented the designers .,dancer presented designers deceived lyricists
56,subsequence,sn_NP/S,0,neutral,the N1 Vnps1 the N2 Vi2.,the N1 Vnps1 the N2.,"the N1 Vnps1 the N2 Vi2 , we do not know whether the N1 Vnps1 the person as in the N2.",N1 Vnps1 N2 Vi2 not know N1 Vnps1 N2,"['N1', 'N2', 'Vnps1', 'Vi2']",the doctor heard the worker grew .,the doctor heard the worker .,the doctor heard the worker grew is different from the doctor heard the worker .,worker not worker grew
57,subsequence,sn_NP/S,1,neutral,the N1 Vnps1 the N2 Vt2 the N3.,the N1 Vnps1 the N2.,"the N1 Vnps1 the N2 Vt2 the N3 , we do not know whether the N1 Vnps1 the person as in the N2.",N1 Vnps1 N2 Vt2 N3 not know N1 Vnps1 N2,"['N1', 'N2', 'Vnps1', 'Vt2', 'N3']",the musicians knew the analyst needed the counselor .,the musicians knew the analyst .,the musicians knew the analyst needed the counselor is different from the musicians knew the analyst .,analyst not analyst needed the counselor
58,constituent,ce_after_since_clause,0,entailment,"Advoutent1 the N1 Vi1 , the N2 Vi2.",the N2 Vi2.,"the N1 Vi1 , so the N2 Vi2.",N1 Vi1 N2 Vi2,"['N1', 'N2', 'Vi1', 'Vi2', 'Advoutent1']","carelessly the musician shouted , the therapist existed .",the therapist existed .,"the musician shouted happened , so the therapist existed happened .",therapist existed
59,constituent,ce_after_since_clause,1,entailment,"Advoutent1 the N1 Vt1 the N3 , the N2 Vi2.",the N2 Vi2.,"the N1 Vt1 the N3 , so the N2 Vi2.",N1 Vt1 N3 N2 Vi2,"['N1', 'N2', 'Vt1', 'Vi2', 'N3', 'Advoutent1']","cheerfully the chaplain contacted the writers , the architects waited .",the architects waited .,"the chaplain contacted the writers happened , so the architects waited happened .",architects waited
60,constituent,ce_after_since_clause,2,entailment,"Advoutent1 the N1 Vi1 , the N2 Vt2 the N3.",the N2 Vt2 the N3.,"the N1 Vi1 , so the N2 Vt2 the N3.",N1 Vi1 N2 Vt2 N3,"['N1', 'N2', 'Vi1', 'Vt2', 'N3', 'Advoutent1']","blindly the writers worked , the bakers advised the senator .",the bakers advised the senator .,"the writers worked happened , so the bakers advised the senator happened .",bakers advised senator
61,constituent,ce_after_since_clause,3,entailment,"Advoutent1 the N1 Vt1 the N3 , the N2 Vt2 the N4.",the N2 Vt2 the N4.,"the N1 Vt1 the N3 , so the N2 Vt2 the N4.",N1 Vt1 N3 N2 Vt2 N4,"['N1', 'N2', 'Vt1', 'Vt2', 'N3', 'N4', 'Advoutent1']","anxiously the programmer called the actor , the sculptor contacted the administrators .",the sculptor contacted the administrators .,"the programmer called the actor happened , so the sculptor contacted the administrators happened .",sculptor contacted administrators
62,constituent,ce_after_since_clause,4,entailment,"in case the N1 Vi1 , the N2 Vi2.",the N2 Vi2.,the past tense Vi2 suggests the N2 Vi2 happened.,Vi2 N2 Vi2,"['N1', 'N2', 'Vi1', 'Vi2']","in case the nurses agreed , the illustrator resigned .",the illustrator resigned .,"the nurses agreed happened , so the illustrator resigned happened .",illustrator resigned
63,constituent,ce_after_since_clause,5,entailment,"in case the N1 Vt1 the N3 , the N2 Vi2.",the N2 Vi2.,the past tense Vi2 suggests the N2 Vi2 happened.,Vi2 N2 Vi2,"['N1', 'N2', 'Vt1', 'Vi2', 'N3']","in case the photojournalist saw the technologist , the doctor cried .",the doctor cried .,"the photojournalist saw the technologist happened , so the doctor cried happened .",doctor cried
64,constituent,ce_after_since_clause,6,entailment,"in case the N1 Vi1 , the N2 Vt2 the N3.",the N2 Vt2 the N3.,the past tense Vt2 the N3 suggests the N2 Vt2 the N3 happened.,Vt2 N3 N2 Vt2 N3,"['N1', 'N2', 'Vi1', 'Vt2', 'N3']","in case the nurse resigned , the designers recommended the analyst .",the designers recommended the analyst .,"the nurse resigned happened , so the designers recommended the analyst happened .",designers recommended analyst
65,constituent,ce_after_since_clause,7,entailment,"in case the N1 Vt1 the N3 , the N2 Vt2 the N4.",the N2 Vt2 the N4.,the past tense Vt2 the N3 suggests the N2 Vt2 the N3 happened.,Vt2 N3 N2 Vt2 N3,"['N1', 'N2', 'Vt1', 'Vt2', 'N3', 'N4']","in case the senator avoided the professors , the lawyer recommended the directors .",the lawyer recommended the directors .,"the senator avoided the professors happened , so the lawyer recommended the directors happened .",lawyer recommended directors
66,constituent,ce_after_since_clause,8,entailment,"whether or not the N1 Vi1 , the N2 Vi2.",the N2 Vi2.,the N2 Vi2 despite the clause whether or not the N1 Vi1.,N2 Vi2 N1 Vi1,"['N1', 'N2', 'Vi1', 'Vi2']","whether or not the president existed , the architects appeared .",the architects appeared .,"the president existed happened , so the architects appeared happened .",architects appeared
67,constituent,ce_after_since_clause,9,entailment,"whether or not the N1 Vt1 the N3 , the N2 Vi2.",the N2 Vi2.,the N2 Vi2 despite the clause whether or not the N1 Vt1 the N3.,N2 Vi2 N1 Vt1 N3,"['N1', 'N2', 'Vt1', 'Vi2', 'N3']","whether or not the workers affected the strategist , the nurses listened .",the nurses listened .,"the workers affected the strategist happened , so the nurses listened happened .",nurses listened
68,constituent,ce_after_since_clause,10,entailment,"whether or not the N1 Vi1 , the N2 Vt2 the N3.",the N2 Vt2 the N3.,the N2 Vt2 the N3 despite the clause whether or not the N1 Vi1.,N2 Vt2 N3 N1 Vi1,"['N1', 'N2', 'Vi1', 'Vt2', 'N3']","whether or not the president smiled , the doctors helped the administrators .",the doctors helped the administrators .,"the president smiled happened , so the doctors helped the administrators happened .",doctors helped administrators
69,constituent,ce_after_since_clause,11,entailment,"whether or not the N1 Vt1 the N3 , the N2 Vt2 the N4.",the N2 Vt2 the N4.,the N2 Vt2 the N4 despite the clause whether or not the N1 Vt1 the N3.,N2 Vt2 N4 N1 Vt1 N3,"['N1', 'N2', 'Vt1', 'Vt2', 'N3', 'N4']","whether or not the officers saw the nurse , the artisan found the presidents .",the artisan found the presidents .,"the officers saw the nurse happened , so the artisan found the presidents happened .",artisan found presidents
70,constituent,ce_embedded_under_verb,0,entailment,the N1 Vconstquotentailed1 that the N2 Vi2.,the N2 Vi2.,"the N1 Vconstquotentailed1 that the N2 Vi2 , so the N2 Vi2 happened.",N1 Vconstquotentailed1 N2 Vi2 N2 Vi2,"['N1', 'N2', 'Vconstquotentailed1', 'Vi2']",the analysts learned that the lawyers laughed .,the lawyers laughed .,the lawyers laughed happened because the analysts learned it .,lawyers laughed
71,constituent,ce_embedded_under_verb,1,entailment,the N1 Vconstquotentailed1 that the N2 Vt2 the N3.,the N2 Vt2 the N3.,"the N1 Vconstquotentailed1 that the N2 Vt2 the N3 , so the N2 Vt2 the N3 happened.",N1 Vconstquotentailed1 N2 Vt2 N3 N2 Vt2 N3,"['N1', 'N2', 'Vconstquotentailed1', 'Vt2', 'N3']",the photojournalists learned who the photographer deceived the photojournalists .,the photographer deceived the photojournalists .,the photographer deceived the photojournalists happened because the photojournalists learned it .,photographer deceived the photojournalists
72,constituent,ce_conjunction,0,entailment,"the N1 Vi1 , and the N2 Vi2.",the N1 Vi1.,and suggests both the N1 Vi1 and the N2 Vi2.,N1 Vi1 N2 Vi2,"['N1', 'N2', 'Vi1', 'Vi2']","the nurse arrived , and the psychotherapists resigned .",the nurse arrived .,both the nurse arrived and the psychotherapists resigned .,nurse arrived
73,constituent,ce_conjunction,1,entailment,"the N1 Vi1 , and the N2 Vt2 the N3.",the N1 Vi1.,and suggests both the N1 Vi1 and the N2 Vt2 the N3.,N1 Vi1 N2 Vt2 N3,"['N1', 'N2', 'Vi1', 'Vt2', 'N3']","the student panicked , and the counselor brought the worker .",the student panicked .,both the student panicked and the counselor brought the worker .,student panicked
74,constituent,ce_conjunction,2,entailment,"the N1 Vt1 the N3 , and the N2 Vi2.",the N1 Vt1 the N3.,and suggests both the N1 Vt1 the N3 and the N2 Vi2.,N1 Vt1 N3 N2 Vi2,"['N1', 'N2', 'Vt1', 'Vi2', 'N3']","the professors offended the judge , and the tourist danced .",the professors offended the judge .,both the professors offended the judge and the tourist danced .,professors offended the judge
75,constituent,ce_conjunction,3,entailment,"the N1 Vt1 the N3 , and the N2 Vt2 the N4.",the N1 Vt1 the N3.,and suggests both the N1 Vt1 the N3 and the N2 Vt2 the N4.,N1 Vt1 N3 N2 Vt2 N4,"['N1', 'N2', 'Vt1', 'Vt2', 'N3', 'N4']","the designers saw the lawyer , and the colorist needed the manager .",the designers saw the lawyer .,both the designers saw the lawyer and the colorist needed the manager .,designers saw the lawyer
76,constituent,ce_conjunction,4,entailment,"the N1 Vi1 , and the N2 Vi2.",the N2 Vi2.,and suggests both the N1 Vi1 and the N2 Vi2.,N1 Vi1 N2 Vi2,"['N1', 'N2', 'Vi1', 'Vi2']","the photojournalists performed , and the animators talked .",the photojournalists performed .,both the photojournalists performed and the animators talked .,photojournalists performed
77,constituent,ce_conjunction,5,entailment,"the N1 Vi1 , and the N2 Vt2 the N3.",the N2 Vt2 the N3.,and suggests both the N1 Vi1 and the N2 Vt2 the N3.,N1 Vi1 N2 Vt2 N3,"['N1', 'N2', 'Vi1', 'Vt2', 'N3']","the actor smiled , and the doctors recommended the pencillers .",the actor smiled .,both the actor smiled and the doctors recommended the pencillers .,actor smiled
78,constituent,ce_conjunction,6,entailment,"the N1 Vt1 the N3 , and the N2 Vi2.",the N2 Vi2.,and suggests both the N1 Vt1 the N3 and the N2 Vi2.,N1 Vt1 N3 N2 Vi2,"['N1', 'N2', 'Vt1', 'Vi2', 'N3']","the animators helped the architect , and the sculptors panicked .",the animators helped the architect .,both the animators helped the architect and the sculptors panicked .,animators helped the architect
79,constituent,ce_conjunction,7,entailment,"the N1 Vt1 the N3 , and the N2 Vt2 the N4.",the N2 Vt2 the N4.,and suggests both the N1 Vt1 the N3 and the N2 Vt2 the N4.,N1 Vt1 N3 N2 Vt2 N4,"['N1', 'N2', 'Vt1', 'Vt2', 'N3', 'N4']","the sculptors saw the pencillers , and the architects offended the potter .",the sculptors saw the pencillers .,both the sculptors saw the pencillers and the architects offended the potter .,sculptors saw the pencillers
80,constituent,ce_adverb,0,entailment,Advent1 the N1 Vi1.,the N1 Vi1.,Advent1 suggests the N1 Vi1 happened.,Advent1 N1 Vi1,"['Advent1', 'N1', 'Vi1']",quietly the programmers cried .,the programmers cried .,quietly the programmers cried means the programmers cried .,quietly programmers cried programmers cried
81,constituent,ce_adverb,1,entailment,Advent1 the N1 Vt1 the N2.,the N1 Vt1 the N2.,Advent1 suggests the N1 Vt1 the N2 happened.,Advent1 N1 Vt1 N2,"['Advent1', 'N1', 'Vt1', 'N2']",carelessly the authors introduced the professor .,the authors introduced the professor .,carelessly the authors introduced the professor means the authors introduced the professor .,carelessly authors introduced professor authors introduced professor
82,constituent,ce_adverb,2,entailment,without a doubt the N1 Vi1.,the N1 Vi1.,without a doubt suggests the N1 Vi1 happened.,without a doubt N1 Vi1,"['N1', 'Vi1']",without a doubt the president shouted .,the president shouted .,the president shouted happened .,president shouted
83,constituent,ce_adverb,3,entailment,without a doubt the N1 Vt1 the N2.,the N1 Vt1 the N2.,without a doubt suggests the N1 Vt1 the N2 happened.,without a doubt N1 Vt1 N2,"['N1', 'Vt1', 'N2']",without a doubt the therapist helped the tourist .,the therapist helped the tourist .,the therapist helped the tourist happened .,therapist helped tourist
84,constituent,ce_adverb,4,entailment,of course the N1 Vi1.,the N1 Vi1.,of course suggests the N1 Vi1 happened.,of course N1 Vi1,"['N1', 'Vi1']",of course the programmers agreed .,the programmers agreed .,the programmers agreed happened .,programmers agreed
85,constituent,ce_adverb,5,entailment,of course the N1 Vt1 the N2.,the N1 Vt1 the N2.,of course suggests the N1 Vt1 the N2 happened.,of course N1 Vt1 N2,"['N1', 'Vt1', 'N2']",of course the stylist found the nurse .,the stylist found the nurse .,the stylist found the nurse happened .,stylist found nurse
86,constituent,ce_embedded_under_since,0,entailment,"Advembent1 the N1 Vi1 , the N2 Vi2.",the N1 Vi1.,Advembent1 suggests the N1 Vi1 happened.,Advembent1 N1 Vi1,"['Advembent1', 'N1', 'N2', 'Vi1', 'Vi2']","anxiously the chaplain smiled , the baker shouted .",the chaplain smiled,the chaplain smiled happened .,chaplain smiled
87,constituent,ce_embedded_under_since,1,entailment,"Advembent1 the N1 Vi1 , the N2 Vt2 the N3.",the N1 Vi1.,Advembent1 suggests the N1 Vi1 happened.,Advembent1 N1 Vi1,"['Advembent1', 'N1', 'N2', 'Vi1', 'Vt2', 'N3']","carefully the athlete voted , the athletes admired the potter .",the athlete voted,the athlete voted happened .,athlete voted
88,constituent,ce_embedded_under_since,2,entailment,"Advembent1 the N1 Vt1 the N3 , the N2 Vi2.",the N1 Vt1 the N3.,Advembent1 suggests the N1 Vt1 the N3 happened.,Advembent1 N1 Vt1 N3,"['Advembent1', 'N1', 'N2', 'Vt1', 'Vi2', 'N3']","quickly the stylists thanked the analyst , the photographers arrived .",the stylists thanked the analyst,the stylists thanked the analyst happened .,stylists thanked the analyst
89,constituent,ce_embedded_under_since,3,entailment,"Advembent1 the N1 Vt1 the N3 , the N2 Vt2 the N4.",the N1 Vt1 the N3.,Advembent1 suggests the N1 Vt1 the N3 happened.,Advembent1 N1 Vt1 N3,"['Advembent1', 'N1', 'N2', 'Vt1', 'Vt2', 'N3', 'N4']","briefly the artisan helped the illustrator , the colorists offended the writer .",the artisan helped the illustrator,the artisan helped the illustrator happened .,artisan helped the illustrator
90,constituent,cn_after_if_clause,0,neutral,"Advoutnent1 the N1 Vi1 , the N2 Vi2.",the N2 Vi2.,"we do not know if the N1 Vi1 , so we do not know if the N2 Vi2.",not know N1 Vi1 not know N2 Vi2,"['Advoutnent1', 'N1', 'N2', 'Vi1', 'Vi2']","briefly the programmer talked , the artists died .",the artists died .,the artists does not died unless the programmer talked .,not know programmer talked
91,constituent,cn_after_if_clause,1,neutral,"Advoutnent1 the N1 Vi1 , the N2 Vt2 the N3.",the N2 Vt2 the N3.,"we do not know if the N1 Vi1 , so we do not know if the N2 Vt2 the N3.",not know N1 Vi1 not know N2 Vt2 N3,"['Advoutnent1', 'N1', 'N2', 'Vi1', 'Vt2', 'N3']","broadly the engineers shouted , the writer saw the sculptors .",the writer saw the sculptors .,the writer does not saw the sculptors unless the engineers shouted .,not know engineers shouted
92,constituent,cn_after_if_clause,2,neutral,"Advoutnent1 the N1 Vt1 the N3 , the N2 Vi2.",the N2 Vi2.,"we do not know if the N1 Vt1 the N3 , so we do not know if the N2 Vi2.",not know N1 Vt1 N3 not know N2 Vi2,"['Advoutnent1', 'N1', 'N2', 'Vt1', 'Vi2', 'N3']","carefully the doctor encouraged the director , the senators danced .",the senators danced .,the senators does not danced unless the doctor encouraged the director .,not know doctor encouraged director
93,constituent,cn_after_if_clause,3,neutral,"Advoutnent1 the N1 Vt1 the N3 , the N2 Vt2 the N4.",the N2 Vt2 the N4.,"we do not know if the N1 Vt1 the N3 , so we do not know if the N2 Vt2 the N4.",not know N1 Vt1 N3 not know N2 Vt2 N4,"['Advoutnent1', 'N1', 'N2', 'Vt1', 'Vt2', 'N3', 'N4']","brightly the analyst thanked the dancer , the technician admired the psychologist .",the technician admired the psychologist .,the technician does not admired the psychologist unless the analyst thanked the dancer .,not know analyst thanked dancer
94,constituent,cn_embedded_under_verb,0,neutral,the N1 Vnonentquote1 that the N2 Vi2.,the N2 Vi2.,"Vnonentquote1 suggests a hypothesis of the N1 , so we do not know whether the N2 Vi2.",Vnonentquote1 N1 not know N2 Vi2,"['N1', 'N2', 'Vnonentquote1', 'Vi2']",the officer said who the athlete listened .,the athlete listened .,the officer could be wrong about the athlete listened .,not know athlete listened
95,constituent,cn_embedded_under_verb,1,neutral,the N1 Vnonentquote1 that the N2 Vt2 the N3.,the N2 Vt2 the N3.,"Vnonentquote1 suggests a hypothesis of the N1 , so we do not know whether the N2 Vt2 the N3.",Vnonentquote1 N1 not know N2 Vt2 N3,"['N1', 'N2', 'Vnonentquote1', 'Vt2', 'N3']",the illustrators hoped that the writers recognized the administrators .,the writers recognized the administrators .,the illustrators could be wrong about the writers recognized the administrators .,not know writers recognized administrators
96,constituent,cn_disjunction,0,neutral,"the N1 Vi1 , or the N2 Vi2.",the N1 Vi1.,"if the N2 Vi2 , then we do not know whether the N1 Vi1.",N2 Vi2 not know N1 Vi1,"['N1', 'N2', 'Vi1', 'Vi2']","the banker sat , or the curator appeared .",the banker sat .,"if the curator appeared , then the banker might not sat .",banker not sat
97,constituent,cn_disjunction,1,neutral,"the N1 Vi1 , or the N2 Vt2 the N3.",the N1 Vi1.,"if the N2 Vt2 the N3 , then we do not know whether the N1 Vi1.",N2 Vt2 N3 not know N1 Vi1,"['N1', 'N2', 'Vi1', 'Vt2', 'N3']","the psychotherapists continued , or the psychotherapist contacted the psychotherapists .",the psychotherapists continued .,"if the psychotherapist contacted the psychotherapists , then the psychotherapists might not continued .",psychotherapists not continued
98,constituent,cn_disjunction,2,neutral,"the N1 Vt1 the N3 , or the N2 Vi2.",the N1 Vt1 the N3.,"if the N2 Vi2 , then we do not know whether the N1 Vt1 the N3.",N2 Vi2 not know N1 Vt1 N3,"['N1', 'N2', 'Vt1', 'Vi2', 'N3']","the authors called the analyst , or the president resigned .",the authors called the analyst .,"if the president resigned , then the authors might not called the analyst .",authors not called analyst
99,constituent,cn_disjunction,3,neutral,"the N1 Vt1 the N3 , or the N2 Vt2 the N4.",the N1 Vt1 the N3.,"if the N2 Vt2 the N4 , then we do not know whether the N1 Vt1 the N3.",N2 Vt2 N4 not know N1 Vt1 N3,"['N1', 'N2', 'Vt1', 'Vt2', 'N3', 'N4']","the stylist needed the engineer , or the photographers called the lawyers .",the stylist needed the engineer .,"if the photographers called the lawyers , then the stylist might not needed the engineer .",stylist not needed engineer
100,constituent,cn_disjunction,4,neutral,"the N1 Vi1 , or the N2 Vi2.",the N2 Vi2.,"if the N1 Vi1 , then we do not know whether the N2 Vi2.",N1 Vi1 not know N2 Vi2,"['N1', 'N2', 'Vi1', 'Vi2']","the athletes existed , or the artists grew .",the artists grew .,"if the athletes existed , then the artists might not grew .",artists not grew
101,constituent,cn_disjunction,5,neutral,"the N1 Vi1 , or the N2 Vt2 the N3.",the N2 Vt2 the N3.,"if the N1 Vi1 , then we do not know whether the N2 Vt2 the N3.",N1 Vi1 not know N2 Vt2 N3,"['N1', 'N2', 'Vi1', 'Vt2', 'N3']","the stylist arrived , or the counselors affected the therapists .",the counselors affected the therapists .,"if the stylist arrived , then the counselors might not affected the therapists .",counselors not affected therapists
102,constituent,cn_disjunction,6,neutral,"the N1 Vt1 the N3 , or the N2 Vi2.",the N2 Vi2.,"if the N1 Vt1 the N3 , then we do not know whether the N2 Vi2.",N1 Vt1 N3 not know N2 Vi2,"['N1', 'N2', 'Vt1', 'Vi2', 'N3']","the curators addressed the psychiatrists , or the student yell .",the student yell .,"if the curators addressed the psychiatrists , then the student might not yell .",student not yell
103,constituent,cn_disjunction,7,neutral,"the N1 Vt1 the N3 , or the N2 Vt2 the N4.",the N2 Vt2 the N4.,"if the N1 Vt1 the N3 , then we do not know whether the N2 Vt2 the N4.",N1 Vt1 N3 not know N2 Vt2 N4,"['N1', 'N2', 'Vt1', 'Vt2', 'N3', 'N4']","the lawyer recognized the photographer , or the singers called the artist .",the singers called the artist .,"if the lawyer recognized the photographer , then the singers might not called the artist .",singers not called artist
104,constituent,cn_adverb,0,neutral,Advnonent1 the N1 Vi1.,the N1 Vi1.,"Advnonent1 suggests an uncertainty, so we do not know whether the N1 Vi1.",Advnonent1 not know N1 Vi1,"['N1', 'Advnonent1', 'Vi1']",certainly the administrators arrived .,the administrators arrived .,do not know if the administrators arrived .,not know administrators arrived
105,constituent,cn_adverb,1,neutral,Advnonent1 the N1 Vt1 the N2.,the N1 Vt1 the N2.,"Advnonent1 suggests an uncertainty, so we do not know whether the N1 Vt1 the N2.",Advnonent1 not know N1 Vt1 N2,"['N1', 'Advnonent1', 'Vt1', 'N2']",certainly the essayists advised the photographer .,the essayists advised the photographer .,do not know if the essayists advised the photographer .,not know essayists advised photographer
106,constituent,cn_embedded_under_if,0,neutral,"Advembnent1 the N1 Vi1 , the N2 Vi2.",the N1 Vi1.,"the N2 Vi2 if the N1 Vi1 , we do not know whether the N1 Vi1.",N2 Vi2 N1 Vi1 not know N1 Vi1,"['Advembnent1', 'N1', 'N2', 'Vi1', 'Vi2']","slowly the animators slept , the lawyers appeared .",the animators slept,slowly the animators slept does not imply the animators slept .,not know animators slept
107,constituent,cn_embedded_under_if,1,neutral,"Advembnent1 the N1 Vi1 , the N2 Vt2 the N3.",the N1 Vi1.,"the N2 Vt2 the N3 if the N1 Vi1 , we do not know whether the N1 Vi1.",N2 Vt2 N3 N1 Vi1 not know N1 Vi1,"['Advembnent1', 'N1', 'N2', 'Vi1', 'Vt2', 'N3']","slowly the banker shouted , the technicians offended the stylist .",the banker shouted,slowly the banker shouted does not imply the banker shouted .,not know banker shouted
108,constituent,cn_embedded_under_if,2,neutral,"Advembnent1 the N1 Vt1 the N3 , the N2 Vi2.",the N1 Vt1 the N3.,"the N2 Vi2 if the N1 Vt1 the N3 , we do not know whether the N1 Vt1 the N3.",N2 Vi2 N1 Vt1 N3 not know N1 Vt1 N3,"['Advembnent1', 'N1', 'N2', 'Vt1', 'Vi2', 'N3']","broadly the administrator supported the sculptor , the counselors continued .",the administrator supported the sculptor,broadly the administrator supported the sculptor does not imply the administrator supported the sculptor .,not know administrator supported sculptor
109,constituent,cn_embedded_under_if,3,neutral,"Advembnent1 the N1 Vt1 the N3 , the N2 Vt2 the N4.",the N1 Vt1 the N3.,"the N2 Vt2 the N4 if the N1 Vt1 the N3 , we do not know whether the N1 Vt1 the N3.",N2 Vt2 N4 N1 Vt1 N3 not know N1 Vt1 N3,"['Advembnent1', 'N1', 'N2', 'Vt1', 'Vt2', 'N3', 'N4']","easily the architects brought the artisans , the manager offended the colorist .",the architects brought the artisans,easily the architects brought the artisans does not imply the architects brought the artisans .,not know architects brought artisans
110,constituent,cn_embedded_under_if,4,neutral,"whether or not the N1 Vi1 , the N2 Vi2.",the N1 Vi1.,whether or not suggests we do not know whether the N1 Vi1.,not know N1 Vi1,"['N1', 'N2', 'Vi1', 'Vi2']","whether or not the judges resigned , the lyricists shouted .",the judges resigned,anxiously the judges resigned does not imply the judges resigned .,not know judges resigned
111,constituent,cn_embedded_under_if,5,neutral,"whether or not the N1 Vi1 , the N2 Vt2 the N3.",the N1 Vi1.,whether or not suggests we do not know whether the N1 Vi1.,not know N1 Vi1,"['N1', 'N2', 'Vi1', 'Vt2', 'N3']","whether or not the animator shouted , the manager offended the student .",the animator shouted,boastfully the animator shouted does not imply the animator shouted .,not know animator shouted
112,constituent,cn_embedded_under_if,6,neutral,"whether or not the N1 Vt1 the N3 , the N2 Vi2.",the N1 Vt1 the N3.,whether or not suggests we do not know whether the N1 Vt1 the N3.,not know N1 Vt1 N3,"['N1', 'N2', 'Vt1', 'Vi2', 'N3']","whether or not the sculptors brought the athlete , the artists agreed .",the sculptors brought the athlete,blissfully the sculptors brought the athlete does not imply the sculptors brought the athlete .,not know sculptors brought athlete
113,constituent,cn_embedded_under_if,7,neutral,"whether or not the N1 Vt1 the N3 , the N2 Vt2 the N4.",the N1 Vt1 the N3.,whether or not suggests we do not know whether the N1 Vt1 the N3.,not know N1 Vt1 N3,"['N1', 'N2', 'Vt1', 'Vt2', 'N3', 'N4']","whether or not the musician saw the singer , the baker disturbed the chaplain .",the musician saw the singer,broadly the musician saw the singer does not imply the musician saw the singer .,not know musician saw singer
114,constituent,cn_embedded_under_if,8,neutral,"in case the N1 Vi1 , the N2 Vi2.",the N1 Vi1.,"the N2 Vi2 if the N1 Vi1 , we do not know whether the N1 Vi1.",N2 Vi2 N1 Vi1 not know N1 Vi1,"['N1', 'N2', 'Vi1', 'Vi2']","in case the counselors panicked , the programmer yell .",the counselors panicked,quietly the counselors panicked does not imply the counselors panicked .,not know counselors panicked
115,constituent,cn_embedded_under_if,9,neutral,"in case the N1 Vi1 , the N2 Vt2 the N3.",the N1 Vi1.,"the N2 Vt2 the N3 if the N1 Vi1 , we do not know whether the N1 Vi1.",N2 Vt2 N3 N1 Vi1 not know N1 Vi1,"['N1', 'N2', 'Vi1', 'Vt2', 'N3']","in case the artist grew , the baker called the curator .",the artist grew,certainly the artist grew does not imply the artist grew .,not know artist grew
116,constituent,cn_embedded_under_if,10,neutral,"in case the N1 Vt1 the N3 , the N2 Vi2.",the N1 Vt1 the N3.,"the N2 Vi2 if the N1 Vt1 the N3 , we do not know whether the N1 Vt1 the N3.",N2 Vi2 N1 Vt1 N3 not know N1 Vt1 N3,"['N1', 'N2', 'Vt1', 'Vi2', 'N3']","in case the judge recognized the tourist , the animator died .",the judge recognized the tourist,quickly the judge recognized the tourist does not imply the judge recognized the tourist .,not know judge recognized tourist
117,constituent,cn_embedded_under_if,11,neutral,"in case the N1 Vt1 the N3 , the N2 Vt2 the N4.",the N1 Vt1 the N3.,"the N2 Vt2 the N4 if the N1 Vt1 the N3 , we do not know whether the N1 Vt1 the N3.",N2 Vt2 N4 N1 Vt1 N3 not know N1 Vt1 N3,"['N1', 'N2', 'Vt1', 'Vt2', 'N3', 'N4']","in case the doctor helped the judge , the athletes addressed the musicians .",the doctor helped the judge,happily the doctor helped the judge does not imply the doctor helped the judge .,not know doctor helped judge
