guid,template_id,heuristic,template,subtemplate_id,label,premise,hypothesis,high_quality,extreme_low_quality,var_list,example_premise,example_hypotheis,example_high_quality,example_extreme_low_quality
0,0,lexical_overlap,le_around_prepositional_phrase,0,entailment,the N1 P1 the N2 Vt1 the N3.,the N1 Vt1 the N3.,the N1 P1 the N2 N1_Be1 still the N1.,N1 N2 N1,"['N1', 'N2', 'N3', 'Vt1', 'P1', 'N1_Be1']",the psychologists next to the photojournalists addressed the planners .,the psychologists addressed the planners .,the psychologists next to the photojournalists are still the psychologists .,psychologists photojournalists psychologists
320,2,lexical_overlap,le_around_relative_clause,1,entailment,the N1 Rels1 the N2 Vt1 Vt2 the N3.,the N1 Vt2 the N3.,the N1 Rels1 the N2 Vt1 N1_Be1 still the N1.,N1 N2 Vt1 N1,"['N1', 'Rels1', 'Vt1', 'Vt2', 'N2', 'N3', 'N1_Be1']",the illustrator that the worker expected addressed the author .,the illustrator addressed the author .,the illustrator that the worker expected is still the illustrator .,illustrator worker expected illustrator
480,3,lexical_overlap,le_around_relative_clause,2,entailment,the N1 Rels1 Vt1 the N2 Vt2 the N3.,the N1 Vt2 the N3.,the N1 Rels1 Vt1 the N2 N1_Be1 still the N1.,N1 Vt1 N2 N1,"['N1', 'Rels1', 'Vt1', 'Vt2', 'N2', 'N3', 'N1_Be1']",the sculptors who affected the student addressed the senators .,the sculptors addressed the senators .,the sculptors who affected the student are still the sculptors .,sculptors affected student sculptors
640,4,lexical_overlap,le_conjunction,0,entailment,the N1 and the N2 Vt1 the N3.,the N1 Vt1 the N3.,the N1 N1_Be1 part of the N1 and the N2.,N1 N1 N2,"['N1', 'Vt1', 'N2', 'N3', 'N1_Be1']",the writer and the planners contacted the psychotherapists .,the writer contacted the psychotherapists .,the writer is part of the writer and the planners .,writer writer planners
800,5,lexical_overlap,le_conjunction,1,entailment,the N1 Vt1 the N2 and the N3.,the N1 Vt1 the N3.,the N3 N3_Be1 part of the N2 and the N3.,N3 N2 N3,"['N1', 'Vt1', 'N2', 'N3', 'N3_Be1']",the student affected the actors and the officer .,the student affected the officer .,the officer is part of the actors and the officer .,officer actors officer
1120,7,lexical_overlap,le_passive,1,entailment,the Np1 were Vt1 by the N2.,the N2 Vt1 the Np1.,"Vt1 is the active form of was Vt1 by , so we swap the Np1 and the N2.",Vt1 Vt1 Np1 N2,"['Np1', 'Vt1', 'N2']",the authors were mentioned by the psychotherapist .,the psychotherapist mentioned the authors .,"mentioned is the active form of was mentioned by , so we swap the authors and the psychotherapist .",mentioned mentioned authors psychotherapist
1280,8,lexical_overlap,le_relative_clause,0,entailment,the N1 Rels1 the N2 Vt1 Vt2 the N3.,the N2 Vt1 the N1.,Rels1 in Rels1 the N2 Vt1 refers to the N1.,N2 Vt1 N1,"['N1', 'Vt1', 'N2', 'Vt2', 'N3', 'Rels1']",the officers that the psychiatrists needed recognized the actor .,the psychiatrists needed the officers .,that in that the psychiatrists needed refers to the officers .,psychiatrists needed officers
1440,9,lexical_overlap,le_relative_clause,1,entailment,the N1 Rels1 Vt1 the N2 Vt2 the N3.,the N1 Vt1 the N2.,Rels1 in Rels1 Vt1 the N2 refers to the N1.,Vt1 N2 N1,"['N1', 'Vt1', 'Vt2', 'N2', 'Rels1', 'N3']",the counselors who admired the psychotherapist recognized the psychiatrist .,the counselors admired the psychotherapist .,who in who admired the psychotherapist refers to the counselors .,admired psychotherapist counselors
1600,10,lexical_overlap,le_relative_clause,2,entailment,the N1 Vt1 the N2 Rels1 Vt2 the N3.,the N2 Vt2 the N3.,the N2 is the subject of the relative clause Rels1 Vt2 the N3.,N2 Vt2 N3,"['N1', 'Vt1', 'Vt2', 'N2', 'Rels1', 'N3']",the planners addressed the psychiatrists that admired the writers .,the psychiatrists admired the writers .,the psychiatrists is the subject of the relative clause that admired the writers .,psychiatrists admired writers
1760,11,lexical_overlap,le_relative_clause,3,entailment,the N1 Vt1 the N2 Rels1 the N3 Vt2.,the N3 Vt2 the N2.,the N2 N2_Be1 the object of the relative clause Rels1 the N3 Vt2.,N2 N3 Vt2,"['N1', 'Vt1', 'Vt2', 'N2', 'Rels1', 'N3', 'N2_Be1']",the psychologists mentioned the officer that the photojournalists offended .,the photojournalists offended the officer .,the officer is the object of the relative clause that the photojournalists offended .,officer photojournalists offended
1920,12,lexical_overlap,ln_preposition,0,neutral,the N1 P1 the N2 Vt1 the N3.,the N2 Vt1 the N1.,"the N1 Vt1 the N3 and the N1 N1_Be1 P1 the N2 , we do not know whether the N2 Vt1 the N1.",N1 Vt1 N3 N1 N2 not know N2 Vt1 N1,"['N1', 'N2', 'N3', 'Vt1', 'P1', 'N1_Be1']",the counselors in front of the animator admired the presidents .,the animator admired the counselors .,"the counselors admired the presidents and the counselors are in front of the animator , we do not know whether the animator admired the counselors .",counselors admired presidents counselors animator not know animator admired counselors
2080,13,lexical_overlap,ln_preposition,1,neutral,the N1 P1 the N2 Vt1 the N3.,the N3 Vt1 the N1.,"the N1 Vt1 the N3 , we do not know whether the N3 Vt1 the N1.",N1 Vt1 N3 not know N3 Vt1 N1,"['N1', 'N2', 'N3', 'Vt1', 'P1']",the presidents in front of the colorist thanked the senators .,the senators thanked the presidents .,"the presidents thanked the senators , we do not know whether the senators thanked the presidents .",presidents thanked senators not know senators thanked presidents
2240,14,lexical_overlap,ln_preposition,2,neutral,the N1 P1 the N2 Vt1 the N3.,the N3 Vt1 the N2.,"the N1 Vt1 the N3 and the N2 N2_Be1 P1 the N1 , we do not know whether the N3 Vt1 the N2.",N1 Vt1 N3 N2 N1 not know N3 Vt1 N2,"['N1', 'N2', 'N3', 'Vt1', 'P1', 'N2_Be1']",the planner in front of the doctors affected the strategists .,the strategists affected the doctors .,"the planner affected the strategists and the doctors are in front of the planner , we do not know whether the strategists affected the doctors .",planner affected strategists doctors planner not know strategists affected doctors
2400,15,lexical_overlap,ln_preposition,3,neutral,the N1 Vt1 the N2 P1 the N3.,the N2 Vt1 the N1.,"the N1 Vt1 the N2 , we do not know whether the N2 Vt1 the N1.",N1 Vt1 N2 not know N2 Vt1 N1,"['N1', 'N2', 'N3', 'Vt1', 'P1']",the senator mentioned the illustrator in front of the psychotherapists .,the illustrator mentioned the senator .,"the senator mentioned the illustrator , we do not know whether the illustrator mentioned the senator .",senator mentioned illustrator not know illustrator mentioned senator
2560,16,lexical_overlap,ln_preposition,4,neutral,the N1 Vt1 the N2 P1 the N3.,the N2 Vt1 the N3.,"the N1 Vt1 the N2 and the N2 N2_Be2 P1 the N3 , we do not know whether the N2 Vt1 the N3.",N1 Vt1 N2 N2 N3 not know N2 Vt1 N3,"['N1', 'N2', 'N3', 'Vt1', 'P1', 'N1_Be1', 'N2_Be2']",the student contacted the lyricist next to the psychologist .,the lyricist contacted the psychologist .,"the student contacted the lyricist and the lyricist is next to the psychologist , we do not know whether the lyricist contacted the psychologist .",student contacted lyricist lyricist psychologist not know lyricist contacted psychologist
3040,19,lexical_overlap,ln_relative_clause,1,neutral,the N1 Rels1 the N2 Vt1 Vt2 the N3.,the N3 Vt2 the N1.,"the N1 Vt2 the N3 , we do not know whether the N3 Vt2 the N1.",N1 Vt2 N3 not know N3 Vt2 N1,"['N1', 'N2', 'N3', 'Vt1', 'Vt2', 'Rels1']",the senator who the presidents affected expected the technologist .,the technologist expected the senator .,"the senator expected the technologist , we do not know whether the technologist expected the senator .",senator expected technologist not know technologist expected senator
3200,20,lexical_overlap,ln_relative_clause,2,neutral,the N1 Rels1 the N2 Vt1 Vt2 the N3.,the N3 Vt1 the N2.,"the N1 N1_Be1 the object of the relative clause Rels1 the N2 Vt1 and the N1 Vt2 the N3 , we do not know whether the N3 Vt1 the N2.",N1 N2 Vt1 N1 Vt2 N3 not know N3 Vt1 N2,"['N1', 'N2', 'N3', 'Vt1', 'Vt2', 'Rels1', 'N1_Be1']",the writers who the dancers mentioned admired the officers .,the officers mentioned the dancers .,"the writers are the object of the relative clause who the dancers mentioned and the writers admired the officers , we do not know whether the officers mentioned the dancers .",writers dancers mentioned writers admired officers not know officers mentioned dancers
3680,23,lexical_overlap,ln_relative_clause,5,neutral,the N1 Rels1 Vt1 the N2 Vt2 the N3.,the N3 Vt2 the N2.,"the N1 N1_Be1 the subject of the relative clause Rels1 Vt1 the N2 and the N1 Vt2 the N3 , we do not know whether the N3 Vt2 the N2.",N1 Vt1 N2 N1 Vt2 N3 not know N3 Vt2 N2,"['N1', 'N2', 'N3', 'Vt1', 'Vt2', 'Rels1', 'N1_Be1']",the colorists that thanked the presidents recognized the technicians .,the technicians recognized the presidents .,"the colorists are the subject of the relative clause that thanked the presidents and the colorists recognized the technicians , we do not know whether the technicians recognized the presidents .",colorists thanked presidents colorists recognized technicians not know technicians recognized presidents
4000,25,lexical_overlap,ln_relative_clause,7,neutral,the N1 Vt1 the N2 Rels1 Vt2 the N3.,the N2 Vt1 the N3.,"the N2 N2_Be1 the subject of the relative clause Rels1 Vt2 the N3 and the N1 Vt1 the N2 , we do not know whether the N2 Vt1 the N3.",N2 Vt2 N3 N1 Vt1 N2 not know N2 Vt1 N3,"['N1', 'N2', 'N3', 'Vt1', 'Vt2', 'Rels1', 'N2_Be1']",the essayists needed the senators who addressed the photographer .,the senators needed the photographer .,"the senators are the subject of the relative clause who addressed the photographer and the essayists needed the senators , we do not know whether the senators needed the photographer .",senators addressed photographer essayists needed senators not know senators needed photographer
4480,28,lexical_overlap,ln_relative_clause,10,neutral,the N1 Vt1 the N2 Rels1 the N3 Vt2.,the N2 Vt1 the N3.,"the N2 N2_Be1 the object of the relative clause Rels1 the N3 Vt2 and the N1 Vt1 the N2 , we do not know whether the N2 Vt1 the N3.",N2 N3 Vt2 N1 Vt1 N2 not know N2 Vt1 N3,"['N1', 'N2', 'N3', 'Vt1', 'Vt2', 'Rels1', 'N2_Be1']",the photojournalists recognized the lyricists that the planners affected .,the lyricists recognized the planners .,"the lyricists are the object of the relative clause that the planners affected and the photojournalists recognized the lyricists , we do not know whether the lyricists recognized the planners .",lyricists planners affected photojournalists recognized lyricists not know lyricists recognized planners
4640,29,lexical_overlap,ln_relative_clause,11,neutral,the N1 Vt1 the N2 Rels1 the N3 Vt2.,the N3 Vt1 the N1.,"the N2 N2_Be1 the object of the relative clause Rels1 the N3 Vt2 and the N1 Vt1 the N2 , we do not know whether the N3 Vt1 the N1.",N2 N3 Vt2 N1 Vt1 N2 not know N3 Vt1 N1,"['N1', 'N2', 'N3', 'Vt1', 'Vt2', 'Rels1', 'N2_Be1']",the photographer admired the doctors that the planner needed .,the planner admired the photographer .,"the doctors are the object of the relative clause that the planner needed and the photographer admired the doctors , we do not know whether the planner admired the photographer .",doctors planner needed photographer admired doctors not know planner admired photographer
4800,30,lexical_overlap,ln_passive,0,neutral,the Ns1 was Vt1 by the N2.,the Ns1 Vt1 the N2.,"Vt1 is the active form of was Vt1 by , so the N2 Vt1 the Ns1 , we do not know whether the Ns1 Vt1 the N2.",Vt1 Vt1 N2 Vt1 Ns1 not know Ns1 Vt1 N2,"['Ns1', 'N2', 'Vt1']",the animator was affected by the photojournalist .,the animator affected the photojournalist .,"affected is the active form of was affected by , so the photojournalist affected the animator , we do not know whether the animator affected the photojournalist .",affected affected photojournalist affected animator not know animator affected photojournalist
4960,31,lexical_overlap,ln_passive,1,neutral,the Np1 were Vt1 by the N2.,the Np1 Vt1 the N2.,"Vt1 is the active form of were Vt1 by , so the N2 Vt1 the Np1 , we do not know whether the Np1 Vt1 the N2.",Vt1 Vt1 N2 Vt1 Np1 not know Np1 Vt1 N2,"['Np1', 'N2', 'Vt1']",the senators were offended by the psychologist .,the senators offended the psychologist .,"offended is the active form of were offended by , so the psychologist offended the senators , we do not know whether the senators offended the psychologist .",offended offended psychologist offended senators not know senators offended psychologist
5280,33,lexical_overlap,ln_conjunction,1,neutral,the N1 and the N2 Vt1 the N3.,the N2 Vt1 the N1.,"the N1 Vt1 the N3 and the N2 Vt1 the N3 , we do not know whether the N2 Vt1 the N1.",N1 Vt1 N3 N2 Vt1 N3 not know N2 Vt1 N1,"['N1', 'N2', 'N3', 'Vt1']",the sculptors and the essayist addressed the animator .,the essayist addressed the sculptors .,"the sculptors addressed the animator and the essayist addressed the animator , we do not know whether the essayist addressed the sculptors .",sculptors addressed animator essayist addressed animator not know essayist addressed sculptors
5440,34,lexical_overlap,ln_conjunction,2,neutral,the N1 Vt1 the N2 and the N3.,the N2 Vt1 the N3.,"the N1 Vt1 the N2 and the N1 Vt1 the N3 , we do not know whether the N2 Vt1 the N3.",N1 Vt1 N2 N1 Vt1 N3 not know N2 Vt1 N3,"['N1', 'N2', 'N3', 'Vt1']",the photojournalist contacted the penciller and the workers .,the penciller contacted the workers .,"the photojournalist contacted the penciller and the photojournalist contacted the workers , we do not know whether the penciller contacted the workers .",photojournalist contacted penciller photojournalist contacted workers not know penciller contacted workers
5600,35,lexical_overlap,ln_conjunction,3,neutral,the N1 Vt1 the N2 and the N3.,the N3 Vt1 the N2.,"the N1 Vt1 the N2 and the N1 Vt1 the N3 , we do not know whether the N3 Vt1 the N2.",N1 Vt1 N2 N1 Vt1 N3 not know N3 Vt1 N2,"['N1', 'N2', 'N3', 'Vt1']",the dancer affected the psychologists and the student .,the student affected the psychologists .,"the dancer affected the psychologists and the dancer affected the student , we do not know whether the student affected the psychologists .",dancer affected psychologists dancer affected student not know student affected psychologists
5920,37,subsequence,se_adjective,0,entailment,Adj1 Np1 Vi1.,Np1 Vi1.,Adj1 Np1 are still Np1.,Adj1 Np1 Np1,"['Adj1', 'Np1', 'Vi1']",nervous students talked .,students talked .,nervous students are still students .,nervous students students
6080,38,subsequence,se_adjective,1,entailment,Adj1 Np1 Vt1 the N2.,Np1 Vt1 the N2.,Adj1 Np1 are still Np1.,Adj1 Np1 Np1,"['Adj1', 'Np1', 'Vt1', 'N2']",witty animators recognized the sculptor .,animators recognized the sculptor .,witty animators are still animators .,witty animators animators
6240,39,subsequence,se_understood_object,0,entailment,the N1 Vunderstand1 the Vunderstand1_O1.,the N1 Vunderstand1.,Vunderstand1 the Vunderstand1_O1 is still Vunderstand1.,Vunderstand1 Vunderstand1_O1 Vunderstand1,"['N1', 'Vunderstand1_O1', 'Vunderstand1']",the psychologist read the letter .,the psychologist read .,read the letter is still read .,read letter read
6400,40,subsequence,se_relative_clause_on_obj,0,entailment,the N1 Vt1 the N2 Rels1 Vi2.,the N1 Vt1 the N2.,the N2 Rels1 Vi2 N2_Be1 still the N2.,N2 Vi2 N2,"['N1', 'Vt1', 'N2', 'N2_Be1', 'Rels1', 'Vi2']",the counselors supported the officer that continued .,the counselors supported the officer .,the officer that continued is still the officer .,officer continued officer
6720,42,subsequence,se_relative_clause_on_obj,2,entailment,the N1 Vt1 the N2 Rels1 Vt2 the N3.,the N1 Vt1 the N2.,the N2 Rels1 Vt2 the N3 N2_Be1 still the N2.,N2 Vt2 N3 N2,"['N1', 'Vt1', 'N2', 'N2_Be1', 'Rels1', 'Vt2', 'N3']",the students thanked the workers who affected the animators .,the students thanked the workers .,the workers who affected the animators are still the workers .,workers affected animators workers
6880,43,subsequence,se_PP_on_obj,0,entailment,the N1 Vt1 the N2 P1 the N3.,the N1 Vt1 the N2.,the N2 P1 the N3 N2_Be1 still the N2.,N2 N3 N2,"['N1', 'Vt1', 'N2', 'N2_Be1', 'P1', 'N3']",the officers offended the psychiatrists in front of the animators .,the officers offended the psychiatrists .,the psychiatrists in front of the animators are still the psychiatrists .,psychiatrists animators psychiatrists
7040,44,subsequence,se_conjunction,0,entailment,the N1 and the N2 Vi1.,the N2 Vi1.,the N2 N2_Be1 part of the N1 and the N2.,N2 N1 N2,"['N1', 'Vi1', 'N2', 'N2_Be1']",the illustrators and the colorist listened .,the colorist listened .,the colorist is part of the illustrators and the colorist .,colorist illustrators colorist
7200,45,subsequence,se_conjunction,1,entailment,the N1 and the N2 Vt1 the N3.,the N2 Vt1 the N3.,the N2 N2_Be1 part of the N1 and the N2.,N2 N1 N2,"['N1', 'Vt1', 'N2', 'N3', 'N2_Be1']",the photographer and the photojournalist contacted the technicians .,the photojournalist contacted the technicians .,the photojournalist is part of the photographer and the photojournalist .,photojournalist photographer photojournalist
7520,47,subsequence,sn_PP_on_subject,0,neutral,the N1 P1 the N2 Vi1.,the N2 Vi1.,"the N1 N1_Be1 P1 the N2 and the N1 Vi1 , we do not know whether the N2 Vi1.",N1 N2 N1 Vi1 not know N2 Vi1,"['N1', 'Vi1', 'N2', 'P1', 'N1_Be1']",the counselor in front of the lyricist voted .,the lyricist voted .,"the counselor is in front of the lyricist and the counselor voted , we do not know whether the lyricist voted .",counselor lyricist counselor voted not know lyricist voted
7680,48,subsequence,sn_PP_on_subject,1,neutral,the N1 P1 the N2 Vt1 the N3.,the N2 Vt1 the N3.,"the N1 N1_Be1 P1 the N2 and the N1 Vt1 the N3 , we do not know whether the N2 Vt1 the N3.",N1 N2 N1 Vt1 N3 not know N2 Vt1 N3,"['N1', 'Vt1', 'N2', 'N3', 'P1', 'N1_Be1']",the senators next to the lyricist addressed the illustrator .,the lyricist addressed the illustrator .,"the senators are next to the lyricist and the senators addressed the illustrator , we do not know whether the lyricist addressed the illustrator .",senators lyricist senators addressed illustrator not know lyricist addressed illustrator
7840,49,subsequence,sn_relative_clause_on_subject,0,neutral,the N1 Rels1 Vt1 the N2 Vi2.,the N2 Vi2.,"the N1 Rels1 Vt1 the N2 N1_Be1 still the N1 , so the N1 Vi2 and we do not know whether the N2 Vi2.",N1 Vt1 N2 N1 N1 Vi2 not know N2 Vi2,"['N1', 'Vt1', 'N2', 'Vi2', 'Rels1', 'N1_Be1']",the technicians that admired the officers yelled .,the officers yelled .,"the technicians that admired the officers are still the technicians , so the technicians yelled and we do not know whether the officers yelled .",technicians admired officers technicians technicians yelled not know officers yelled
8000,50,subsequence,sn_relative_clause_on_subject,1,neutral,the N1 Rels1 Vt1 the N2 Vt2 the N3.,the N2 Vt2 the N3.,"the N1 Rels1 Vt1 the N2 N1_Be1 still the N1 , so the N1 Vt2 the N3 and we do not know whether the N2 Vt2 the N3.",N1 Vt1 N2 N1 N1 Vt2 N3 not know N2 Vt2 N3,"['N1', 'Vt1', 'N2', 'Vt2', 'Rels1', 'N3', 'N1_Be1']",the illustrators who expected the sculptors addressed the psychotherapists .,the sculptors addressed the psychotherapists .,"the illustrators who expected the sculptors are still the illustrators , so the illustrators addressed the psychotherapists and we do not know whether the sculptors addressed the psychotherapists .",illustrators expected sculptors illustrators illustrators addressed psychotherapists not know sculptors addressed psychotherapists
8160,51,subsequence,sn_past_participle,0,neutral,the N1 Vpp1 in the Nlocation2 Vi2.,the N1 Vpp1 in the Nlocation2.,the N1 N1_BePast1 Vpp1 in the Nlocation2 and we do not know whether the N1 Vpp1 in the Nlocation2.,N1 Vpp1 Nlocation2 not know N1 Vpp1 Nlocation2,"['N1', 'Nlocation2', 'Vpp1', 'Vi2', 'N1_BePast1']",the sculptors presented in the office worked .,the sculptors presented in the office .,the sculptors were presented in the office and we do not know whether the sculptors presented in the office .,sculptors presented office not know sculptors presented office
8320,52,subsequence,sn_past_participle,1,neutral,the N1 Vpp1 in the Nlocation2 Vt2 the N3.,the N1 Vpp1 in the Nlocation2.,the N1 N1_BePast1 Vpp1 in the Nlocation2 and we do not know whether the N1 Vpp1 in the Nlocation2.,N1 Vpp1 Nlocation2 not know N1 Vpp1 Nlocation2,"['N1', 'Nlocation2', 'Vpp1', 'Vt2', 'N3', 'N1_BePast1']",the doctor presented in the office recognized the officer .,the doctor presented in the office .,the doctor was presented in the office and we do not know whether the doctor presented in the office .,doctor presented office not know doctor presented office
8480,53,subsequence,sn_past_participle,2,neutral,the N1 Vt1 the N2 Vpp2 in the Nlocation3.,the N2 Vpp2 in the Nlocation3.,the N2 N2_BePast1 Vpp2 in the Nlocation3 and we do not know whether the N2 Vpp2 in the Nlocation3.,N2 Vpp2 Nlocation3 not know N2 Vpp2 Nlocation3,"['N1', 'Nlocation3', 'Vt1', 'Vpp2', 'N2', 'N2_BePast1']",the colorists supported the worker presented in the office .,the worker presented in the office .,the worker was presented in the office and we do not know whether the worker presented in the office .,worker presented office not know worker presented office
8800,55,subsequence,sn_NP/Z,1,neutral,"Conj1 the N1 Vnpz1 , the N2 Vt2 the N3.",the N1 Vnpz1 the N2.,"the N2 Vt2 the N3 and the N1 Vnpz1 , we do not know whether the N1 Vnpz1 the N2.",N2 Vt2 N3 N1 Vnpz1 not know N1 Vnpz1 N2,"['Conj1', 'N1', 'N2', 'Vnpz1', 'Vt2', 'N3']","because the actor fought , the author contacted the planner .",the actor fought the author .,"the author contacted the planner and the actor fought , we do not know whether the actor fought the author .",author contacted planner actor fought not know actor fought author
8960,56,subsequence,sn_NP/S,0,neutral,the N1 Vnps1 the N2 Vi2.,the N1 Vnps1 the N2.,"the N1 Vnps1 the N2 Vi2 , we do not know whether the N1 Vnps1 the person as in the N2.",N1 Vnps1 N2 Vi2 not know N1 Vnps1 N2,"['N1', 'N2', 'Vnps1', 'Vi2']",the writer heard the technologists appeared .,the writer heard the technologists .,"the writer heard the technologists appeared , we do not know whether the writer heard the person as in the technologists .",writer heard technologists appeared not know writer heard technologists
9120,57,subsequence,sn_NP/S,1,neutral,the N1 Vnps1 the N2 Vt2 the N3.,the N1 Vnps1 the N2.,"the N1 Vnps1 the N2 Vt2 the N3 , we do not know whether the N1 Vnps1 the person as in the N2.",N1 Vnps1 N2 Vt2 N3 not know N1 Vnps1 N2,"['N1', 'N2', 'Vnps1', 'Vt2', 'N3']",the workers heard the photographers admired the senator .,the workers heard the photographers .,"the workers heard the photographers admired the senator , we do not know whether the workers heard the person as in the photographers .",workers heard photographers admired senator not know workers heard photographers
9280,58,constituent,ce_after_since_clause,0,entailment,"Advoutent1 the N1 Vi1 , the N2 Vi2.",the N2 Vi2.,"the N1 Vi1 , so the N2 Vi2.",N1 Vi1 N2 Vi2,"['N1', 'N2', 'Vi1', 'Vi2', 'Advoutent1']","after the officers danced , the lyricist voted .",the lyricist voted .,"the officers danced , so the lyricist voted .",officers danced lyricist voted
9440,59,constituent,ce_after_since_clause,1,entailment,"Advoutent1 the N1 Vt1 the N3 , the N2 Vi2.",the N2 Vi2.,"the N1 Vt1 the N3 , so the N2 Vi2.",N1 Vt1 N3 N2 Vi2,"['N1', 'N2', 'Vt1', 'Vi2', 'N3', 'Advoutent1']","after the psychotherapist expected the penciller , the strategist cried .",the strategist cried .,"the psychotherapist expected the penciller , so the strategist cried .",psychotherapist expected penciller strategist cried
9600,60,constituent,ce_after_since_clause,2,entailment,"Advoutent1 the N1 Vi1 , the N2 Vt2 the N3.",the N2 Vt2 the N3.,"the N1 Vi1 , so the N2 Vt2 the N3.",N1 Vi1 N2 Vt2 N3,"['N1', 'N2', 'Vi1', 'Vt2', 'N3', 'Advoutent1']","after the pencillers yelled , the psychotherapist recognized the senator .",the psychotherapist recognized the senator .,"the pencillers yelled , so the psychotherapist recognized the senator .",pencillers yelled psychotherapist recognized senator
9920,62,constituent,ce_after_since_clause,4,entailment,"in case the N1 Vi1 , the N2 Vi2.",the N2 Vi2.,the past tense Vi2 suggests the N2 Vi2 happened.,Vi2 N2 Vi2,"['N1', 'N2', 'Vi1', 'Vi2']","in case the strategist cried , the animator performed .",the animator performed .,the past tense performed suggests the animator performed happened .,performed animator performed
10080,63,constituent,ce_after_since_clause,5,entailment,"in case the N1 Vt1 the N3 , the N2 Vi2.",the N2 Vi2.,the past tense Vi2 suggests the N2 Vi2 happened.,Vi2 N2 Vi2,"['N1', 'N2', 'Vt1', 'Vi2', 'N3']","in case the essayists admired the student , the technician yelled .",the technician yelled .,the past tense yelled suggests the technician yelled happened .,yelled technician yelled
10240,64,constituent,ce_after_since_clause,6,entailment,"in case the N1 Vi1 , the N2 Vt2 the N3.",the N2 Vt2 the N3.,the past tense Vt2 the N3 suggests the N2 Vt2 the N3 happened.,Vt2 N3 N2 Vt2 N3,"['N1', 'N2', 'Vi1', 'Vt2', 'N3']","in case the psychotherapists listened , the psychiatrist offended the colorist .",the psychiatrist offended the colorist .,the past tense offended the colorist suggests the psychiatrist offended the colorist happened .,offended colorist psychiatrist offended colorist
10400,65,constituent,ce_after_since_clause,7,entailment,"in case the N1 Vt1 the N3 , the N2 Vt2 the N4.",the N2 Vt2 the N4.,the past tense Vt2 the N3 suggests the N2 Vt2 the N3 happened.,Vt2 N3 N2 Vt2 N3,"['N1', 'N2', 'Vt1', 'Vt2', 'N3', 'N4']","in case the psychiatrists supported the technician , the illustrator thanked the workers .",the illustrator thanked the workers .,the past tense thanked the technician suggests the illustrator thanked the technician happened .,thanked technician illustrator thanked technician
10560,66,constituent,ce_after_since_clause,8,entailment,"whether or not the N1 Vi1 , the N2 Vi2.",the N2 Vi2.,the N2 Vi2 despite the clause whether or not the N1 Vi1.,N2 Vi2 N1 Vi1,"['N1', 'N2', 'Vi1', 'Vi2']","whether or not the technologists yelled , the planner continued .",the planner continued .,the planner continued despite the clause whether or not the technologists yelled .,planner continued technologists yelled
10720,67,constituent,ce_after_since_clause,9,entailment,"whether or not the N1 Vt1 the N3 , the N2 Vi2.",the N2 Vi2.,the N2 Vi2 despite the clause whether or not the N1 Vt1 the N3.,N2 Vi2 N1 Vt1 N3,"['N1', 'N2', 'Vt1', 'Vi2', 'N3']","whether or not the technicians thanked the planner , the pencillers danced .",the pencillers danced .,the pencillers danced despite the clause whether or not the technicians thanked the planner .,pencillers danced technicians thanked planner
11040,69,constituent,ce_after_since_clause,11,entailment,"whether or not the N1 Vt1 the N3 , the N2 Vt2 the N4.",the N2 Vt2 the N4.,the N2 Vt2 the N4 despite the clause whether or not the N1 Vt1 the N3.,N2 Vt2 N4 N1 Vt1 N3,"['N1', 'N2', 'Vt1', 'Vt2', 'N3', 'N4']","whether or not the dancers affected the workers , the actors mentioned the sculptor .",the actors mentioned the sculptor .,the actors mentioned the sculptor despite the clause whether or not the dancers affected the workers .,actors mentioned sculptor dancers affected workers
11200,70,constituent,ce_embedded_under_verb,0,entailment,the N1 Vconstquotentailed1 that the N2 Vi2.,the N2 Vi2.,"the N1 Vconstquotentailed1 that the N2 Vi2 , so the N2 Vi2 happened.",N1 Vconstquotentailed1 N2 Vi2 N2 Vi2,"['N1', 'N2', 'Vconstquotentailed1', 'Vi2']",the illustrators learned that the lyricist talked .,the lyricist talked .,"the illustrators learned that the lyricist talked , so the lyricist talked happened .",illustrators learned lyricist talked lyricist talked
11360,71,constituent,ce_embedded_under_verb,1,entailment,the N1 Vconstquotentailed1 that the N2 Vt2 the N3.,the N2 Vt2 the N3.,"the N1 Vconstquotentailed1 that the N2 Vt2 the N3 , so the N2 Vt2 the N3 happened.",N1 Vconstquotentailed1 N2 Vt2 N3 N2 Vt2 N3,"['N1', 'N2', 'Vconstquotentailed1', 'Vt2', 'N3']",the counselor learned that the technologists expected the animator .,the technologists expected the animator .,"the counselor learned that the technologists expected the animator , so the technologists expected the animator happened .",counselor learned technologists expected animator technologists expected animator
11520,72,constituent,ce_conjunction,0,entailment,"the N1 Vi1 , and the N2 Vi2.",the N1 Vi1.,and suggests both the N1 Vi1 and the N2 Vi2.,N1 Vi1 N2 Vi2,"['N1', 'N2', 'Vi1', 'Vi2']","the officer talked , and the animator existed .",the officer talked .,and suggests both the officer talked and the animator existed .,officer talked animator existed
11680,73,constituent,ce_conjunction,1,entailment,"the N1 Vi1 , and the N2 Vt2 the N3.",the N1 Vi1.,and suggests both the N1 Vi1 and the N2 Vt2 the N3.,N1 Vi1 N2 Vt2 N3,"['N1', 'N2', 'Vi1', 'Vt2', 'N3']","the author talked , and the sculptors offended the photojournalist .",the author talked .,and suggests both the author talked and the sculptors offended the photojournalist .,author talked sculptors offended photojournalist
11840,74,constituent,ce_conjunction,2,entailment,"the N1 Vt1 the N3 , and the N2 Vi2.",the N1 Vt1 the N3.,and suggests both the N1 Vt1 the N3 and the N2 Vi2.,N1 Vt1 N3 N2 Vi2,"['N1', 'N2', 'Vt1', 'Vi2', 'N3']","the illustrators thanked the authors , and the essayist continued .",the illustrators thanked the authors .,and suggests both the illustrators thanked the authors and the essayist continued .,illustrators thanked authors essayist continued
12000,75,constituent,ce_conjunction,3,entailment,"the N1 Vt1 the N3 , and the N2 Vt2 the N4.",the N1 Vt1 the N3.,and suggests both the N1 Vt1 the N3 and the N2 Vt2 the N4.,N1 Vt1 N3 N2 Vt2 N4,"['N1', 'N2', 'Vt1', 'Vt2', 'N3', 'N4']","the officers mentioned the author , and the psychologists supported the psychotherapists .",the officers mentioned the author .,and suggests both the officers mentioned the author and the psychologists supported the psychotherapists .,officers mentioned author psychologists supported psychotherapists
12160,76,constituent,ce_conjunction,4,entailment,"the N1 Vi1 , and the N2 Vi2.",the N2 Vi2.,and suggests both the N1 Vi1 and the N2 Vi2.,N1 Vi1 N2 Vi2,"['N1', 'N2', 'Vi1', 'Vi2']","the illustrator continued , and the animators cried .",the animators cried .,and suggests both the illustrator continued and the animators cried .,illustrator continued animators cried
12320,77,constituent,ce_conjunction,5,entailment,"the N1 Vi1 , and the N2 Vt2 the N3.",the N2 Vt2 the N3.,and suggests both the N1 Vi1 and the N2 Vt2 the N3.,N1 Vi1 N2 Vt2 N3,"['N1', 'N2', 'Vi1', 'Vt2', 'N3']","the technician performed , and the psychiatrist needed the psychologists .",the psychiatrist needed the psychologists .,and suggests both the technician performed and the psychiatrist needed the psychologists .,technician performed psychiatrist needed psychologists
12640,79,constituent,ce_conjunction,7,entailment,"the N1 Vt1 the N3 , and the N2 Vt2 the N4.",the N2 Vt2 the N4.,and suggests both the N1 Vt1 the N3 and the N2 Vt2 the N4.,N1 Vt1 N3 N2 Vt2 N4,"['N1', 'N2', 'Vt1', 'Vt2', 'N3', 'N4']","the psychiatrist affected the technologists , and the planners supported the lyricists .",the planners supported the lyricists .,and suggests both the psychiatrist affected the technologists and the planners supported the lyricists .,psychiatrist affected technologists planners supported lyricists
12800,80,constituent,ce_adverb,0,entailment,Advent1 the N1 Vi1.,the N1 Vi1.,Advent1 suggests the N1 Vi1 happened.,Advent1 N1 Vi1,"['Advent1', 'N1', 'Vi1']",obviously the strategists appeared .,the strategists appeared .,obviously suggests the strategists appeared happened .,obviously strategists appeared
12960,81,constituent,ce_adverb,1,entailment,Advent1 the N1 Vt1 the N2.,the N1 Vt1 the N2.,Advent1 suggests the N1 Vt1 the N2 happened.,Advent1 N1 Vt1 N2,"['Advent1', 'N1', 'Vt1', 'N2']",obviously the psychotherapists addressed the psychiatrist .,the psychotherapists addressed the psychiatrist .,obviously suggests the psychotherapists addressed the psychiatrist happened .,obviously psychotherapists addressed psychiatrist
13120,82,constituent,ce_adverb,2,entailment,without a doubt the N1 Vi1.,the N1 Vi1.,without a doubt suggests the N1 Vi1 happened.,without a doubt N1 Vi1,"['N1', 'Vi1']",without a doubt the doctors died .,the doctors died .,without a doubt suggests the doctors died happened .,without a doubt doctors died
13280,83,constituent,ce_adverb,3,entailment,without a doubt the N1 Vt1 the N2.,the N1 Vt1 the N2.,without a doubt suggests the N1 Vt1 the N2 happened.,without a doubt N1 Vt1 N2,"['N1', 'Vt1', 'N2']",without a doubt the sculptors expected the animator .,the sculptors expected the animator .,without a doubt suggests the sculptors expected the animator happened .,without a doubt sculptors expected animator
13440,84,constituent,ce_adverb,4,entailment,of course the N1 Vi1.,the N1 Vi1.,of course suggests the N1 Vi1 happened.,of course N1 Vi1,"['N1', 'Vi1']",of course the senators listened .,the senators listened .,of course suggests the senators listened happened .,of course senators listened
13600,85,constituent,ce_adverb,5,entailment,of course the N1 Vt1 the N2.,the N1 Vt1 the N2.,of course suggests the N1 Vt1 the N2 happened.,of course N1 Vt1 N2,"['N1', 'Vt1', 'N2']",of course the counselors contacted the psychologist .,the counselors contacted the psychologist .,of course suggests the counselors contacted the psychologist happened .,of course counselors contacted psychologist
13760,86,constituent,ce_embedded_under_since,0,entailment,"Advembent1 the N1 Vi1 , the N2 Vi2.",the N1 Vi1.,Advembent1 suggests the N1 Vi1 happened.,Advembent1 N1 Vi1,"['Advembent1', 'N1', 'N2', 'Vi1', 'Vi2']","after the psychotherapists worked , the students voted .",the psychotherapists worked .,after suggests the psychotherapists worked happened .,after psychotherapists worked
14080,88,constituent,ce_embedded_under_since,2,entailment,"Advembent1 the N1 Vt1 the N3 , the N2 Vi2.",the N1 Vt1 the N3.,Advembent1 suggests the N1 Vt1 the N3 happened.,Advembent1 N1 Vt1 N3,"['Advembent1', 'N1', 'N2', 'Vt1', 'Vi2', 'N3']","after the psychotherapist addressed the lyricist , the psychologists cried .",the psychotherapist addressed the lyricist .,after suggests the psychotherapist addressed the lyricist happened .,after psychotherapist addressed lyricist
14240,89,constituent,ce_embedded_under_since,3,entailment,"Advembent1 the N1 Vt1 the N3 , the N2 Vt2 the N4.",the N1 Vt1 the N3.,Advembent1 suggests the N1 Vt1 the N3 happened.,Advembent1 N1 Vt1 N3,"['Advembent1', 'N1', 'N2', 'Vt1', 'Vt2', 'N3', 'N4']","although the animator offended the workers , the essayists affected the lyricist .",the animator offended the workers .,although suggests the animator offended the workers happened .,although animator offended workers
14560,91,constituent,cn_after_if_clause,1,neutral,"Advoutnent1 the N1 Vi1 , the N2 Vt2 the N3.",the N2 Vt2 the N3.,"we do not know if the N1 Vi1 , so we do not know if the N2 Vt2 the N3.",not know N1 Vi1 not know N2 Vt2 N3,"['Advoutnent1', 'N1', 'N2', 'Vi1', 'Vt2', 'N3']","if the psychotherapists performed , the photographers supported the actor .",the photographers supported the actor .,"we do not know if the psychotherapists performed , so we do not know if the photographers supported the actor .",not know psychotherapists performed not know photographers supported actor
14720,92,constituent,cn_after_if_clause,2,neutral,"Advoutnent1 the N1 Vt1 the N3 , the N2 Vi2.",the N2 Vi2.,"we do not know if the N1 Vt1 the N3 , so we do not know if the N2 Vi2.",not know N1 Vt1 N3 not know N2 Vi2,"['Advoutnent1', 'N1', 'N2', 'Vt1', 'Vi2', 'N3']","unless the counselor supported the technologist , the penciller worked .",the penciller worked .,"we do not know if the counselor supported the technologist , so we do not know if the penciller worked .",not know counselor supported technologist not know penciller worked
14880,93,constituent,cn_after_if_clause,3,neutral,"Advoutnent1 the N1 Vt1 the N3 , the N2 Vt2 the N4.",the N2 Vt2 the N4.,"we do not know if the N1 Vt1 the N3 , so we do not know if the N2 Vt2 the N4.",not know N1 Vt1 N3 not know N2 Vt2 N4,"['Advoutnent1', 'N1', 'N2', 'Vt1', 'Vt2', 'N3', 'N4']","unless the author admired the pencillers , the actor needed the presidents .",the actor needed the presidents .,"we do not know if the author admired the pencillers , so we do not know if the actor needed the presidents .",not know author admired pencillers not know actor needed presidents
15040,94,constituent,cn_embedded_under_verb,0,neutral,the N1 Vnonentquote1 that the N2 Vi2.,the N2 Vi2.,"Vnonentquote1 suggests a hypothesis of the N1 , so we do not know whether the N2 Vi2.",Vnonentquote1 N1 not know N2 Vi2,"['N1', 'N2', 'Vnonentquote1', 'Vi2']",the senators assumed that the doctors existed .,the doctors existed .,"assumed suggests a hypothesis of the senators , so we do not know whether the doctors existed .",assumed senators not know doctors existed
15200,95,constituent,cn_embedded_under_verb,1,neutral,the N1 Vnonentquote1 that the N2 Vt2 the N3.,the N2 Vt2 the N3.,"Vnonentquote1 suggests a hypothesis of the N1 , so we do not know whether the N2 Vt2 the N3.",Vnonentquote1 N1 not know N2 Vt2 N3,"['N1', 'N2', 'Vnonentquote1', 'Vt2', 'N3']",the colorist assumed that the sculptors contacted the strategist .,the sculptors contacted the strategist .,"assumed suggests a hypothesis of the colorist , so we do not know whether the sculptors contacted the strategist .",assumed colorist not know sculptors contacted strategist
15360,96,constituent,cn_disjunction,0,neutral,"the N1 Vi1 , or the N2 Vi2.",the N1 Vi1.,"if the N2 Vi2 , then we do not know whether the N1 Vi1.",N2 Vi2 not know N1 Vi1,"['N1', 'N2', 'Vi1', 'Vi2']","the essayist danced , or the illustrator cried .",the essayist danced .,"if the illustrator cried , then we do not know whether the essayist danced .",illustrator cried not know essayist danced
15520,97,constituent,cn_disjunction,1,neutral,"the N1 Vi1 , or the N2 Vt2 the N3.",the N1 Vi1.,"if the N2 Vt2 the N3 , then we do not know whether the N1 Vi1.",N2 Vt2 N3 not know N1 Vi1,"['N1', 'N2', 'Vi1', 'Vt2', 'N3']","the penciller died , or the actor recognized the psychotherapist .",the penciller died .,"if the actor recognized the psychotherapist , then we do not know whether the penciller died .",actor recognized psychotherapist not know penciller died
15680,98,constituent,cn_disjunction,2,neutral,"the N1 Vt1 the N3 , or the N2 Vi2.",the N1 Vt1 the N3.,"if the N2 Vi2 , then we do not know whether the N1 Vt1 the N3.",N2 Vi2 not know N1 Vt1 N3,"['N1', 'N2', 'Vt1', 'Vi2', 'N3']","the dancers supported the officer , or the colorist yelled .",the dancers supported the officer .,"if the colorist yelled , then we do not know whether the dancers supported the officer .",colorist yelled not know dancers supported officer
15840,99,constituent,cn_disjunction,3,neutral,"the N1 Vt1 the N3 , or the N2 Vt2 the N4.",the N1 Vt1 the N3.,"if the N2 Vt2 the N4 , then we do not know whether the N1 Vt1 the N3.",N2 Vt2 N4 not know N1 Vt1 N3,"['N1', 'N2', 'Vt1', 'Vt2', 'N3', 'N4']","the senators supported the sculptors , or the illustrator recognized the photographers .",the senators supported the sculptors .,"if the illustrator recognized the photographers , then we do not know whether the senators supported the sculptors .",illustrator recognized photographers not know senators supported sculptors
16000,100,constituent,cn_disjunction,4,neutral,"the N1 Vi1 , or the N2 Vi2.",the N2 Vi2.,"if the N1 Vi1 , then we do not know whether the N2 Vi2.",N1 Vi1 not know N2 Vi2,"['N1', 'N2', 'Vi1', 'Vi2']","the officer appeared , or the pencillers died .",the pencillers died .,"if the officer appeared , then we do not know whether the pencillers died .",officer appeared not know pencillers died
16160,101,constituent,cn_disjunction,5,neutral,"the N1 Vi1 , or the N2 Vt2 the N3.",the N2 Vt2 the N3.,"if the N1 Vi1 , then we do not know whether the N2 Vt2 the N3.",N1 Vi1 not know N2 Vt2 N3,"['N1', 'N2', 'Vi1', 'Vt2', 'N3']","the psychotherapist talked , or the sculptors offended the technologist .",the sculptors offended the technologist .,"if the psychotherapist talked , then we do not know whether the sculptors offended the technologist .",psychotherapist talked not know sculptors offended technologist
16320,102,constituent,cn_disjunction,6,neutral,"the N1 Vt1 the N3 , or the N2 Vi2.",the N2 Vi2.,"if the N1 Vt1 the N3 , then we do not know whether the N2 Vi2.",N1 Vt1 N3 not know N2 Vi2,"['N1', 'N2', 'Vt1', 'Vi2', 'N3']","the technician needed the lyricist , or the strategists died .",the strategists died .,"if the technician needed the lyricist , then we do not know whether the strategists died .",technician needed lyricist not know strategists died
16480,103,constituent,cn_disjunction,7,neutral,"the N1 Vt1 the N3 , or the N2 Vt2 the N4.",the N2 Vt2 the N4.,"if the N1 Vt1 the N3 , then we do not know whether the N2 Vt2 the N4.",N1 Vt1 N3 not know N2 Vt2 N4,"['N1', 'N2', 'Vt1', 'Vt2', 'N3', 'N4']","the photojournalists admired the penciller , or the dancer mentioned the illustrator .",the dancer mentioned the illustrator .,"if the photojournalists admired the penciller , then we do not know whether the dancer mentioned the illustrator .",photojournalists admired penciller not know dancer mentioned illustrator
16800,105,constituent,cn_adverb,1,neutral,Advnonent1 the N1 Vt1 the N2.,the N1 Vt1 the N2.,"Advnonent1 suggests an uncertainty, so we do not know whether the N1 Vt1 the N2.",Advnonent1 not know N1 Vt1 N2,"['N1', 'Advnonent1', 'Vt1', 'N2']",supposedly the writers mentioned the officer .,the writers mentioned the officer .,"supposedly suggests an uncertainty, so we do not know whether the writers mentioned the officer .",supposedly not know writers mentioned officer
17120,107,constituent,cn_embedded_under_if,1,neutral,"Advembnent1 the N1 Vi1 , the N2 Vt2 the N3.",the N1 Vi1.,"the N2 Vt2 the N3 if the N1 Vi1 , we do not know whether the N1 Vi1.",N2 Vt2 N3 N1 Vi1 not know N1 Vi1,"['Advembnent1', 'N1', 'N2', 'Vi1', 'Vt2', 'N3']","unless the planners cried , the illustrator needed the essayists .",the planners cried .,"the illustrator needed the essayists if the planners cried , we do not know whether the planners cried .",illustrator needed essayists planners cried not know planners cried
17280,108,constituent,cn_embedded_under_if,2,neutral,"Advembnent1 the N1 Vt1 the N3 , the N2 Vi2.",the N1 Vt1 the N3.,"the N2 Vi2 if the N1 Vt1 the N3 , we do not know whether the N1 Vt1 the N3.",N2 Vi2 N1 Vt1 N3 not know N1 Vt1 N3,"['Advembnent1', 'N1', 'N2', 'Vt1', 'Vi2', 'N3']","unless the worker admired the photographers , the writer danced .",the worker admired the photographers .,"the writer danced if the worker admired the photographers , we do not know whether the worker admired the photographers .",writer danced worker admired photographers not know worker admired photographers
17600,110,constituent,cn_embedded_under_if,4,neutral,"whether or not the N1 Vi1 , the N2 Vi2.",the N1 Vi1.,whether or not suggests we do not know whether the N1 Vi1.,not know N1 Vi1,"['N1', 'N2', 'Vi1', 'Vi2']","whether or not the sculptors continued , the psychotherapists listened .",the sculptors continued .,whether or not suggests we do not know whether the sculptors continued .,not know sculptors continued
17760,111,constituent,cn_embedded_under_if,5,neutral,"whether or not the N1 Vi1 , the N2 Vt2 the N3.",the N1 Vi1.,whether or not suggests we do not know whether the N1 Vi1.,not know N1 Vi1,"['N1', 'N2', 'Vi1', 'Vt2', 'N3']","whether or not the officer listened , the psychologists offended the technologists .",the officer listened .,whether or not suggests we do not know whether the officer listened .,not know officer listened
18080,113,constituent,cn_embedded_under_if,7,neutral,"whether or not the N1 Vt1 the N3 , the N2 Vt2 the N4.",the N1 Vt1 the N3.,whether or not suggests we do not know whether the N1 Vt1 the N3.,not know N1 Vt1 N3,"['N1', 'N2', 'Vt1', 'Vt2', 'N3', 'N4']","whether or not the lyricists offended the president , the technicians expected the photojournalist .",the lyricists offended the president .,whether or not suggests we do not know whether the lyricists offended the president .,not know lyricists offended president
18240,114,constituent,cn_embedded_under_if,8,neutral,"in case the N1 Vi1 , the N2 Vi2.",the N1 Vi1.,"the N2 Vi2 if the N1 Vi1 , we do not know whether the N1 Vi1.",N2 Vi2 N1 Vi1 not know N1 Vi1,"['N1', 'N2', 'Vi1', 'Vi2']","in case the planners danced , the psychologists yelled .",the planners danced .,"the psychologists yelled if the planners danced , we do not know whether the planners danced .",psychologists yelled planners danced not know planners danced
18400,115,constituent,cn_embedded_under_if,9,neutral,"in case the N1 Vi1 , the N2 Vt2 the N3.",the N1 Vi1.,"the N2 Vt2 the N3 if the N1 Vi1 , we do not know whether the N1 Vi1.",N2 Vt2 N3 N1 Vi1 not know N1 Vi1,"['N1', 'N2', 'Vi1', 'Vt2', 'N3']","in case the senators voted , the sculptors supported the students .",the senators voted .,"the sculptors supported the students if the senators voted , we do not know whether the senators voted .",sculptors supported students senators voted not know senators voted
18560,116,constituent,cn_embedded_under_if,10,neutral,"in case the N1 Vt1 the N3 , the N2 Vi2.",the N1 Vt1 the N3.,"the N2 Vi2 if the N1 Vt1 the N3 , we do not know whether the N1 Vt1 the N3.",N2 Vi2 N1 Vt1 N3 not know N1 Vt1 N3,"['N1', 'N2', 'Vt1', 'Vi2', 'N3']","in case the workers addressed the president , the lyricists danced .",the workers addressed the president .,"the lyricists danced if the workers addressed the president , we do not know whether the workers addressed the president .",lyricists danced workers addressed president not know workers addressed president
18720,117,constituent,cn_embedded_under_if,11,neutral,"in case the N1 Vt1 the N3 , the N2 Vt2 the N4.",the N1 Vt1 the N3.,"the N2 Vt2 the N4 if the N1 Vt1 the N3 , we do not know whether the N1 Vt1 the N3.",N2 Vt2 N4 N1 Vt1 N3 not know N1 Vt1 N3,"['N1', 'N2', 'Vt1', 'Vt2', 'N3', 'N4']","in case the essayists affected the colorists , the pencillers recognized the counselors .",the essayists affected the colorists .,"the pencillers recognized the counselors if the essayists affected the colorists , we do not know whether the essayists affected the colorists .",pencillers recognized counselors essayists affected colorists not know essayists affected colorists
